# Reign of Fire — dragon_ashwrought
o dragon_ashwrought
v -0.850000 1.400000 -1.200000
v -0.798739 1.109730 -1.183874
v -0.651138 0.854472 -1.169693
v -0.425000 0.665012 -1.159167
v -0.147601 0.564202 -1.153567
v 0.147601 0.564202 -1.153567
v 0.425000 0.665012 -1.159167
v 0.651138 0.854472 -1.169693
v 0.798739 1.109730 -1.183874
v 0.850000 1.400000 -1.200000
v 0.798739 1.690270 -1.216126
v 0.651138 1.945528 -1.230307
v 0.425000 2.134988 -1.240833
v 0.147601 2.235798 -1.246433
v -0.147601 2.235798 -1.246433
v -0.425000 2.134988 -1.240833
v -0.651138 1.945528 -1.230307
v -0.798739 1.690270 -1.216126
v -0.795357 1.428571 -0.685714
v -0.747391 1.156962 -0.670625
v -0.609279 0.918113 -0.657355
v -0.397679 0.740832 -0.647507
v -0.138112 0.646504 -0.642266
v 0.138112 0.646504 -0.642266
v 0.397679 0.740832 -0.647507
v 0.609279 0.918113 -0.657355
v 0.747391 1.156962 -0.670625
v 0.795357 1.428571 -0.685714
v 0.747391 1.700181 -0.700804
v 0.609279 1.939030 -0.714073
v 0.397679 2.116310 -0.723922
v 0.138112 2.210639 -0.729163
v -0.138112 2.210639 -0.729163
v -0.397679 2.116310 -0.723922
v -0.609279 1.939030 -0.714073
v -0.747391 1.700181 -0.700804
v -0.740714 1.457143 -0.171429
v -0.696044 1.204194 -0.157376
v -0.567420 0.981754 -0.145018
v -0.370357 0.816653 -0.135846
v -0.128624 0.728805 -0.130965
v 0.128624 0.728805 -0.130965
v 0.370357 0.816653 -0.135846
v 0.567420 0.981754 -0.145018
v 0.696044 1.204194 -0.157376
v 0.740714 1.457143 -0.171429
v 0.696044 1.710092 -0.185481
v 0.567420 1.932532 -0.197839
v 0.370357 2.097633 -0.207011
v 0.128624 2.185481 -0.211892
v -0.128624 2.185481 -0.211892
v -0.370357 2.097633 -0.207011
v -0.567420 1.932532 -0.197839
v -0.696044 1.710092 -0.185481
v -0.686071 1.485714 0.342857
v -0.644696 1.251425 0.355873
v -0.525561 1.045395 0.367319
v -0.343036 0.892474 0.375815
v -0.119135 0.811106 0.380335
v 0.119135 0.811106 0.380335
v 0.343036 0.892474 0.375815
v 0.525561 1.045395 0.367319
v 0.644696 1.251425 0.355873
v 0.686071 1.485714 0.342857
v 0.644696 1.720003 0.329841
v 0.525561 1.926034 0.318395
v 0.343036 2.078955 0.309899
v 0.119135 2.160322 0.305379
v -0.119135 2.160322 0.305379
v -0.343036 2.078955 0.309899
v -0.525561 1.926034 0.318395
v -0.644696 1.720003 0.329841
v -0.631429 1.514286 0.857143
v -0.593349 1.298657 0.869122
v -0.483702 1.109036 0.879657
v -0.315714 0.968294 0.887476
v -0.109646 0.893407 0.891636
v 0.109646 0.893407 0.891636
v 0.315714 0.968294 0.887476
v 0.483702 1.109036 0.879657
v 0.593349 1.298657 0.869122
v 0.631429 1.514286 0.857143
v 0.593349 1.729915 0.845163
v 0.483702 1.919535 0.834629
v 0.315714 2.060277 0.826810
v 0.109646 2.135164 0.822650
v -0.109646 2.135164 0.822650
v -0.315714 2.060277 0.826810
v -0.483702 1.919535 0.834629
v -0.593349 1.729915 0.845163
v -0.576786 1.542857 1.371429
v -0.542001 1.345889 1.382371
v -0.441843 1.172677 1.391994
v -0.288393 1.044115 1.399136
v -0.100158 0.975709 1.402937
v 0.100158 0.975709 1.402937
v 0.288393 1.044115 1.399136
v 0.441843 1.172677 1.391994
v 0.542001 1.345889 1.382371
v 0.576786 1.542857 1.371429
v 0.542001 1.739826 1.360486
v 0.441843 1.913037 1.350863
v 0.288393 2.041599 1.343721
v 0.100158 2.110006 1.339920
v -0.100158 2.110006 1.339920
v -0.288393 2.041599 1.343721
v -0.441843 1.913037 1.350863
v -0.542001 1.739826 1.360486
v -0.522143 1.571429 1.885714
v -0.490654 1.393120 1.895620
v -0.399985 1.236318 1.904332
v -0.261071 1.119936 1.910797
v -0.090669 1.058010 1.914238
v 0.090669 1.058010 1.914238
v 0.261071 1.119936 1.910797
v 0.399985 1.236318 1.904332
v 0.490654 1.393120 1.895620
v 0.522143 1.571429 1.885714
v 0.490654 1.749737 1.875808
v 0.399985 1.906539 1.867097
v 0.261071 2.022921 1.860631
v 0.090669 2.084847 1.857191
v -0.090669 2.084847 1.857191
v -0.261071 2.022921 1.860631
v -0.399985 1.906539 1.867097
v -0.490654 1.749737 1.875808
v -0.467500 1.600000 2.400000
v -0.439306 1.440352 2.408869
v -0.358126 1.299959 2.416669
v -0.233750 1.195756 2.422458
v -0.081181 1.140311 2.425538
v 0.081181 1.140311 2.425538
v 0.233750 1.195756 2.422458
v 0.358126 1.299959 2.416669
v 0.439306 1.440352 2.408869
v 0.467500 1.600000 2.400000
v 0.439306 1.759648 2.391131
v 0.358126 1.900041 2.383331
v 0.233750 2.004244 2.377542
v 0.081181 2.059689 2.374462
v -0.081181 2.059689 2.374462
v -0.233750 2.004244 2.377542
v -0.358126 1.900041 2.383331
v -0.439306 1.759648 2.391131
v -0.478888 1.600000 2.432651
v -0.429554 1.393637 2.457428
v -0.295141 1.228146 2.470831
v -0.102271 1.136306 2.470204
v 0.110854 1.136306 2.455673
v 0.302023 1.228146 2.430115
v 0.433373 1.393637 2.398592
v 0.478888 1.600000 2.367349
v 0.429554 1.806363 2.342572
v 0.295141 1.971854 2.329169
v 0.102271 2.063694 2.329796
v -0.110854 2.063694 2.344327
v -0.302023 1.971854 2.369885
v -0.433373 1.806363 2.401408
v -0.430095 1.642857 2.745071
v -0.383579 1.448286 2.768432
v -0.256847 1.292252 2.781069
v -0.074999 1.205660 2.780478
v 0.125948 1.205660 2.766777
v 0.306193 1.292252 2.742680
v 0.430038 1.448286 2.712958
v 0.472952 1.642857 2.683500
v 0.426436 1.837428 2.660139
v 0.299704 1.993462 2.647503
v 0.117856 2.080054 2.648093
v -0.083091 2.080054 2.661794
v -0.263336 1.993462 2.685892
v -0.387180 1.837428 2.715613
v -0.381301 1.685714 3.057491
v -0.337605 1.502935 3.079436
v -0.218553 1.356358 3.091307
v -0.047726 1.275014 3.090752
v 0.141042 1.275014 3.077882
v 0.310363 1.356358 3.055245
v 0.426702 1.502935 3.027325
v 0.467015 1.685714 2.999652
v 0.423319 1.868493 2.977706
v 0.304267 2.015070 2.965836
v 0.133440 2.096415 2.966391
v -0.055328 2.096415 2.979261
v -0.224649 2.015070 3.001898
v -0.340988 1.868493 3.029818
v -0.332507 1.728571 3.369911
v -0.291630 1.557585 3.390440
v -0.180259 1.420464 3.401545
v -0.020453 1.344368 3.401026
v 0.156136 1.344368 3.388986
v 0.314534 1.420464 3.367809
v 0.423366 1.557585 3.341691
v 0.461079 1.728571 3.315803
v 0.420202 1.899558 3.295274
v 0.308831 2.036679 3.284169
v 0.149025 2.112775 3.284688
v -0.027565 2.112775 3.296728
v -0.185962 2.036679 3.317905
v -0.294795 1.899558 3.344024
v -0.283714 1.771429 3.682331
v -0.245656 1.612234 3.701445
v -0.141966 1.484570 3.711784
v 0.006819 1.413722 3.711300
v 0.171230 1.413722 3.700090
v 0.318704 1.484570 3.680374
v 0.420031 1.612234 3.656057
v 0.455142 1.771429 3.631955
v 0.417084 1.930623 3.612841
v 0.313394 2.058287 3.602502
v 0.164609 2.129135 3.602985
v 0.000198 2.129135 3.614195
v -0.147275 2.058287 3.633911
v -0.248602 1.930623 3.658229
v -0.234920 1.814286 3.994751
v -0.199681 1.666883 4.012449
v -0.103672 1.548676 4.022022
v 0.034092 1.483076 4.021574
v 0.186324 1.483076 4.011195
v 0.322874 1.548676 3.992939
v 0.416695 1.666883 3.970423
v 0.449206 1.814286 3.948106
v 0.413967 1.961688 3.930408
v 0.317958 2.079895 3.920835
v 0.180194 2.145496 3.921283
v 0.027962 2.145496 3.931662
v -0.108588 2.079895 3.949918
v -0.202409 1.961688 3.972434
v -0.186127 1.857143 4.307171
v -0.153707 1.721533 4.323453
v -0.065378 1.612782 4.332260
v 0.061365 1.552430 4.331848
v 0.201418 1.552430 4.322299
v 0.327044 1.612782 4.305504
v 0.413359 1.721533 4.284789
v 0.443269 1.857143 4.264258
v 0.410849 1.992753 4.247976
v 0.322521 2.101504 4.239169
v 0.195778 2.161856 4.239580
v 0.055725 2.161856 4.249129
v -0.069901 2.101504 4.265925
v -0.156217 1.992753 4.286639
v -0.137333 1.900000 4.619591
v -0.107732 1.776182 4.634457
v -0.027084 1.676888 4.642498
v 0.088637 1.621784 4.642122
v 0.216512 1.621784 4.633404
v 0.331214 1.676888 4.618069
v 0.410024 1.776182 4.599155
v 0.437333 1.900000 4.580409
v 0.407732 2.023818 4.565543
v 0.327084 2.123112 4.557502
v 0.211363 2.178216 4.557878
v 0.083488 2.178216 4.566596
v -0.031214 2.123112 4.581931
v -0.110024 2.023818 4.600845
v -0.150000 1.725000 4.650000
v 0.550000 1.725000 4.650000
v 0.550000 2.275000 4.650000
v -0.150000 2.275000 4.650000
v -0.150000 1.725000 5.750000
v -0.150000 2.275000 5.750000
v 0.550000 2.275000 5.750000
v 0.550000 1.725000 5.750000
v -0.150000 1.725000 4.650000
v -0.150000 1.725000 5.750000
v 0.550000 1.725000 5.750000
v 0.550000 1.725000 4.650000
v 0.550000 2.275000 4.650000
v 0.550000 2.275000 5.750000
v -0.150000 2.275000 5.750000
v -0.150000 2.275000 4.650000
v -0.150000 1.725000 4.650000
v -0.150000 2.275000 4.650000
v -0.150000 2.275000 5.750000
v -0.150000 1.725000 5.750000
v 0.550000 1.725000 4.650000
v 0.550000 1.725000 5.750000
v 0.550000 2.275000 5.750000
v 0.550000 2.275000 4.650000
v 0.420000 1.350000 -1.200000
v 0.378407 1.168635 -1.182258
v 0.261866 1.023191 -1.168030
v 0.093459 0.942476 -1.160133
v -0.093459 0.942476 -1.160133
v -0.261866 1.023191 -1.168030
v -0.378407 1.168635 -1.182258
v -0.420000 1.350000 -1.200000
v -0.378407 1.531365 -1.217742
v -0.261866 1.676809 -1.231970
v -0.093459 1.757524 -1.239867
v 0.093459 1.757524 -1.239867
v 0.261866 1.676809 -1.231970
v 0.378407 1.531365 -1.217742
v 0.369000 1.285714 -1.857143
v 0.332458 1.126372 -1.841555
v 0.230068 0.998589 -1.829055
v 0.082110 0.927675 -1.822117
v -0.082110 0.927675 -1.822117
v -0.230068 0.998589 -1.829055
v -0.332458 1.126372 -1.841555
v -0.369000 1.285714 -1.857143
v -0.332458 1.445057 -1.872731
v -0.230068 1.572839 -1.885231
v -0.082110 1.643754 -1.892168
v 0.082110 1.643754 -1.892168
v 0.230068 1.572839 -1.885231
v 0.332458 1.445057 -1.872731
v 0.318000 1.221429 -2.514286
v 0.286508 1.084109 -2.500852
v 0.198270 0.973987 -2.490080
v 0.070762 0.912874 -2.484101
v -0.070762 0.912874 -2.484101
v -0.198270 0.973987 -2.490080
v -0.286508 1.084109 -2.500852
v -0.318000 1.221429 -2.514286
v -0.286508 1.358748 -2.527719
v -0.198270 1.468870 -2.538492
v -0.070762 1.529983 -2.544470
v 0.070762 1.529983 -2.544470
v 0.198270 1.468870 -2.538492
v 0.286508 1.358748 -2.527719
v 0.267000 1.157143 -3.171429
v 0.240559 1.041846 -3.160150
v 0.166472 0.949386 -3.151104
v 0.059413 0.898074 -3.146085
v -0.059413 0.898074 -3.146085
v -0.166472 0.949386 -3.151104
v -0.240559 1.041846 -3.160150
v -0.267000 1.157143 -3.171429
v -0.240559 1.272439 -3.182708
v -0.166472 1.364900 -3.191753
v -0.059413 1.416212 -3.196772
v 0.059413 1.416212 -3.196772
v 0.166472 1.364900 -3.191753
v 0.240559 1.272439 -3.182708
v 0.216000 1.092857 -3.828571
v 0.194609 0.999584 -3.819447
v 0.134674 0.924784 -3.812129
v 0.048065 0.883273 -3.808069
v -0.048065 0.883273 -3.808069
v -0.134674 0.924784 -3.812129
v -0.194609 0.999584 -3.819447
v -0.216000 1.092857 -3.828571
v -0.194609 1.186131 -3.837696
v -0.134674 1.260930 -3.845013
v -0.048065 1.302441 -3.849074
v 0.048065 1.302441 -3.849074
v 0.134674 1.260930 -3.845013
v 0.194609 1.186131 -3.837696
v 0.165000 1.028571 -4.485714
v 0.148660 0.957321 -4.478744
v 0.102876 0.900182 -4.473154
v 0.036716 0.868473 -4.470052
v -0.036716 0.868473 -4.470052
v -0.102876 0.900182 -4.473154
v -0.148660 0.957321 -4.478744
v -0.165000 1.028571 -4.485714
v -0.148660 1.099822 -4.492684
v -0.102876 1.156961 -4.498274
v -0.036716 1.188670 -4.501376
v 0.036716 1.188670 -4.501376
v 0.102876 1.156961 -4.498274
v 0.148660 1.099822 -4.492684
v 0.114000 0.964286 -5.142857
v 0.102710 0.915058 -5.138041
v 0.071078 0.875580 -5.134179
v 0.025367 0.853672 -5.132036
v -0.025367 0.853672 -5.132036
v -0.071078 0.875580 -5.134179
v -0.102710 0.915058 -5.138041
v -0.114000 0.964286 -5.142857
v -0.102710 1.013513 -5.147673
v -0.071078 1.052991 -5.151535
v -0.025367 1.074899 -5.153678
v 0.025367 1.074899 -5.153678
v 0.071078 1.052991 -5.151535
v 0.102710 1.013513 -5.147673
v 0.063000 0.900000 -5.800000
v 0.056761 0.872795 -5.797339
v 0.039280 0.850979 -5.795204
v 0.014019 0.838871 -5.794020
v -0.014019 0.838871 -5.794020
v -0.039280 0.850979 -5.795204
v -0.056761 0.872795 -5.797339
v -0.063000 0.900000 -5.800000
v -0.056761 0.927205 -5.802661
v -0.039280 0.949021 -5.804796
v -0.014019 0.961129 -5.805980
v 0.014019 0.961129 -5.805980
v 0.039280 0.949021 -5.804796
v 0.056761 0.927205 -5.802661
v -0.184407 1.700000 0.420677
v -0.220615 1.616771 0.441735
v -0.251300 1.555843 0.505200
v -0.268238 1.533542 0.594066
v -0.266893 1.555843 0.684523
v -0.247623 1.616771 0.752332
v -0.215593 1.700000 0.779323
v -0.179385 1.783229 0.758265
v -0.148700 1.844157 0.694800
v -0.131762 1.866458 0.605934
v -0.133107 1.844157 0.515477
v -0.152377 1.783229 0.447668
v -0.842886 1.971429 0.378904
v -0.875991 1.895333 0.398157
v -0.904045 1.839628 0.456182
v -0.919532 1.819238 0.537432
v -0.918302 1.839628 0.620135
v -0.900684 1.895333 0.682132
v -0.871400 1.971429 0.706810
v -0.838295 2.047524 0.687557
v -0.810240 2.103229 0.629532
v -0.794753 2.123619 0.548282
v -0.795984 2.103229 0.465579
v -0.813601 2.047524 0.403582
v -1.501366 2.242857 0.337132
v -1.531367 2.173896 0.354580
v -1.556791 2.123413 0.407165
v -1.570826 2.104935 0.480798
v -1.569711 2.123413 0.555748
v -1.553745 2.173896 0.611932
v -1.527206 2.242857 0.634296
v -1.497205 2.311818 0.616848
v -1.471780 2.362301 0.564263
v -1.457745 2.380780 0.490631
v -1.458860 2.362301 0.415681
v -1.474826 2.311818 0.359497
v -2.159845 2.514286 0.295360
v -2.186743 2.452458 0.311003
v -2.209537 2.407198 0.358148
v -2.222120 2.390631 0.424163
v -2.221120 2.407198 0.491360
v -2.206806 2.452458 0.541732
v -2.183012 2.514286 0.561783
v -2.156115 2.576113 0.546140
v -2.133320 2.621374 0.498995
v -2.120737 2.637940 0.432979
v -2.121737 2.621374 0.365783
v -2.136051 2.576113 0.315411
v -2.818324 2.785714 0.253588
v -2.842118 2.731021 0.267426
v -2.862283 2.690983 0.309131
v -2.873414 2.676328 0.367529
v -2.872530 2.690983 0.426972
v -2.859867 2.731021 0.471532
v -2.838818 2.785714 0.489270
v -2.815024 2.840408 0.475432
v -2.794860 2.880446 0.433726
v -2.783729 2.895101 0.375328
v -2.784613 2.880446 0.315885
v -2.797276 2.840408 0.271325
v -3.476804 3.057143 0.211815
v -3.497494 3.009583 0.223848
v -3.515028 2.974767 0.260114
v -3.524708 2.962024 0.310895
v -3.523939 2.974767 0.362584
v -3.512928 3.009583 0.401332
v -3.494625 3.057143 0.416756
v -3.473934 3.104702 0.404723
v -3.456400 3.139518 0.368457
v -3.446721 3.152262 0.317676
v -3.447490 3.139518 0.265987
v -3.458501 3.104702 0.227239
v -4.135283 3.328571 0.170043
v -4.152870 3.288146 0.180271
v -4.167774 3.258552 0.211097
v -4.176002 3.247720 0.254261
v -4.175348 3.258552 0.298197
v -4.165989 3.288146 0.331133
v -4.150431 3.328571 0.344243
v -4.132844 3.368997 0.334015
v -4.117940 3.398591 0.303189
v -4.109713 3.409423 0.260025
v -4.110366 3.398591 0.216089
v -4.119726 3.368997 0.183153
v -4.793763 3.600000 0.128271
v -4.808246 3.566708 0.136694
v -4.820520 3.542337 0.162080
v -4.827295 3.533417 0.197626
v -4.826757 3.542337 0.233809
v -4.819049 3.566708 0.260933
v -4.806237 3.600000 0.271729
v -4.791754 3.633292 0.263306
v -4.779480 3.657663 0.237920
v -4.772705 3.666583 0.202374
v -4.773243 3.657663 0.166191
v -4.780951 3.633292 0.139067
v 0.215593 1.700000 0.779323
v 0.247623 1.616771 0.752332
v 0.266893 1.555843 0.684523
v 0.268238 1.533542 0.594066
v 0.251300 1.555843 0.505200
v 0.220615 1.616771 0.441735
v 0.184407 1.700000 0.420677
v 0.152377 1.783229 0.447668
v 0.133107 1.844157 0.515477
v 0.131762 1.866458 0.605934
v 0.148700 1.844157 0.694800
v 0.179385 1.783229 0.758265
v 0.871400 1.971429 0.706810
v 0.900684 1.895333 0.682132
v 0.918302 1.839628 0.620135
v 0.919532 1.819238 0.537432
v 0.904045 1.839628 0.456182
v 0.875991 1.895333 0.398157
v 0.842886 1.971429 0.378904
v 0.813601 2.047524 0.403582
v 0.795984 2.103229 0.465579
v 0.794753 2.123619 0.548282
v 0.810240 2.103229 0.629532
v 0.838295 2.047524 0.687557
v 1.527206 2.242857 0.634296
v 1.553745 2.173896 0.611932
v 1.569711 2.123413 0.555748
v 1.570826 2.104935 0.480798
v 1.556791 2.123413 0.407165
v 1.531367 2.173896 0.354580
v 1.501366 2.242857 0.337132
v 1.474826 2.311818 0.359497
v 1.458860 2.362301 0.415681
v 1.457745 2.380780 0.490631
v 1.471780 2.362301 0.564263
v 1.497205 2.311818 0.616848
v 2.183012 2.514286 0.561783
v 2.206806 2.452458 0.541732
v 2.221120 2.407198 0.491360
v 2.222120 2.390631 0.424163
v 2.209537 2.407198 0.358148
v 2.186743 2.452458 0.311003
v 2.159845 2.514286 0.295360
v 2.136051 2.576113 0.315411
v 2.121737 2.621374 0.365783
v 2.120737 2.637940 0.432979
v 2.133320 2.621374 0.498995
v 2.156115 2.576113 0.546140
v 2.838818 2.785714 0.489270
v 2.859867 2.731021 0.471532
v 2.872530 2.690983 0.426972
v 2.873414 2.676328 0.367529
v 2.862283 2.690983 0.309131
v 2.842118 2.731021 0.267426
v 2.818324 2.785714 0.253588
v 2.797276 2.840408 0.271325
v 2.784613 2.880446 0.315885
v 2.783729 2.895101 0.375328
v 2.794860 2.880446 0.433726
v 2.815024 2.840408 0.475432
v 3.494625 3.057143 0.416756
v 3.512928 3.009583 0.401332
v 3.523939 2.974767 0.362584
v 3.524708 2.962024 0.310895
v 3.515028 2.974767 0.260114
v 3.497494 3.009583 0.223848
v 3.476804 3.057143 0.211815
v 3.458501 3.104702 0.227239
v 3.447490 3.139518 0.265987
v 3.446721 3.152262 0.317676
v 3.456400 3.139518 0.368457
v 3.473934 3.104702 0.404723
v 4.150431 3.328571 0.344243
v 4.165989 3.288146 0.331133
v 4.175348 3.258552 0.298197
v 4.176002 3.247720 0.254261
v 4.167774 3.258552 0.211097
v 4.152870 3.288146 0.180271
v 4.135283 3.328571 0.170043
v 4.119726 3.368997 0.183153
v 4.110366 3.398591 0.216089
v 4.109713 3.409423 0.260025
v 4.117940 3.398591 0.303189
v 4.132844 3.368997 0.334015
v 4.806237 3.600000 0.271729
v 4.819049 3.566708 0.260933
v 4.826757 3.542337 0.233809
v 4.827295 3.533417 0.197626
v 4.820520 3.542337 0.162080
v 4.808246 3.566708 0.136694
v 4.793763 3.600000 0.128271
v 4.780951 3.633292 0.139067
v 4.773243 3.657663 0.166191
v 4.772705 3.666583 0.202374
v 4.779480 3.657663 0.237920
v 4.791754 3.633292 0.263306
v -0.400000 1.254679 1.750367
v -0.512219 1.252179 1.701411
v -0.558702 1.219114 1.593050
v -0.512219 1.174852 1.488760
v -0.400000 1.145321 1.449633
v -0.287781 1.147821 1.498589
v -0.241298 1.180886 1.606950
v -0.287781 1.225148 1.711240
v -0.421429 1.095193 1.801066
v -0.528839 1.092800 1.754207
v -0.573329 1.061152 1.650490
v -0.528839 1.018787 1.550670
v -0.421429 0.990522 1.513220
v -0.314019 0.992914 1.560078
v -0.269528 1.024563 1.663795
v -0.314019 1.066928 1.763616
v -0.442857 0.935706 1.851764
v -0.545458 0.933421 1.807004
v -0.587956 0.903190 1.707931
v -0.545458 0.862722 1.612580
v -0.442857 0.835722 1.576807
v -0.340257 0.838008 1.621567
v -0.297758 0.868239 1.720640
v -0.340257 0.908707 1.815991
v -0.464286 0.776220 1.902463
v -0.562077 0.774042 1.859801
v -0.602583 0.745228 1.765372
v -0.562077 0.706656 1.674491
v -0.464286 0.680923 1.640395
v -0.366495 0.683101 1.683056
v -0.325988 0.711915 1.777485
v -0.366495 0.750486 1.868366
v -0.485714 0.616734 1.953161
v -0.578696 0.614663 1.912597
v -0.617210 0.587266 1.822812
v -0.578696 0.550591 1.736401
v -0.485714 0.526123 1.703982
v -0.392733 0.528194 1.744545
v -0.354218 0.555591 1.834330
v -0.392733 0.592266 1.920742
v -0.507143 0.457248 2.003860
v -0.595315 0.455284 1.965394
v -0.631837 0.429304 1.880253
v -0.595315 0.394526 1.798311
v -0.507143 0.371324 1.767569
v -0.418971 0.373288 1.806034
v -0.382448 0.399268 1.891175
v -0.418971 0.434045 1.973117
v -0.528571 0.297761 2.054558
v -0.611934 0.295905 2.018191
v -0.646464 0.271342 1.937694
v -0.611934 0.238461 1.860222
v -0.528571 0.216524 1.831156
v -0.445208 0.218381 1.867523
v -0.410678 0.242944 1.948020
v -0.445208 0.275824 2.025493
v -0.550000 0.138275 2.105257
v -0.628554 0.136525 2.070988
v -0.661091 0.113380 1.995135
v -0.628554 0.082396 1.922132
v -0.550000 0.061725 1.894743
v -0.471446 0.063475 1.929012
v -0.438909 0.086620 2.004865
v -0.471446 0.117604 2.077868
v 0.400000 1.254679 1.750367
v 0.287781 1.225148 1.711240
v 0.241298 1.180886 1.606950
v 0.287781 1.147821 1.498589
v 0.400000 1.145321 1.449633
v 0.512219 1.174852 1.488760
v 0.558702 1.219114 1.593050
v 0.512219 1.252179 1.701411
v 0.421429 1.095193 1.801066
v 0.314019 1.066928 1.763616
v 0.269528 1.024563 1.663795
v 0.314019 0.992914 1.560078
v 0.421429 0.990522 1.513220
v 0.528839 1.018787 1.550670
v 0.573329 1.061152 1.650490
v 0.528839 1.092800 1.754207
v 0.442857 0.935706 1.851764
v 0.340257 0.908707 1.815991
v 0.297758 0.868239 1.720640
v 0.340257 0.838008 1.621567
v 0.442857 0.835722 1.576807
v 0.545458 0.862722 1.612580
v 0.587956 0.903190 1.707931
v 0.545458 0.933421 1.807004
v 0.464286 0.776220 1.902463
v 0.366495 0.750486 1.868366
v 0.325988 0.711915 1.777485
v 0.366495 0.683101 1.683056
v 0.464286 0.680923 1.640395
v 0.562077 0.706656 1.674491
v 0.602583 0.745228 1.765372
v 0.562077 0.774042 1.859801
v 0.485714 0.616734 1.953161
v 0.392733 0.592266 1.920742
v 0.354218 0.555591 1.834330
v 0.392733 0.528194 1.744545
v 0.485714 0.526123 1.703982
v 0.578696 0.550591 1.736401
v 0.617210 0.587266 1.822812
v 0.578696 0.614663 1.912597
v 0.507143 0.457248 2.003860
v 0.418971 0.434045 1.973117
v 0.382448 0.399268 1.891175
v 0.418971 0.373288 1.806034
v 0.507143 0.371324 1.767569
v 0.595315 0.394526 1.798311
v 0.631837 0.429304 1.880253
v 0.595315 0.455284 1.965394
v 0.528571 0.297761 2.054558
v 0.445208 0.275824 2.025493
v 0.410678 0.242944 1.948020
v 0.445208 0.218381 1.867523
v 0.528571 0.216524 1.831156
v 0.611934 0.238461 1.860222
v 0.646464 0.271342 1.937694
v 0.611934 0.295905 2.018191
v 0.550000 0.138275 2.105257
v 0.471446 0.117604 2.077868
v 0.438909 0.086620 2.004865
v 0.471446 0.063475 1.929012
v 0.550000 0.061725 1.894743
v 0.628554 0.082396 1.922132
v 0.661091 0.113380 1.995135
v 0.628554 0.136525 2.070988
v -0.400000 1.106045 -0.246156
v -0.512666 1.128839 -0.288382
v -0.559333 1.164029 -0.395992
v -0.512666 1.191001 -0.505950
v -0.400000 1.193955 -0.553844
v -0.287334 1.171161 -0.511618
v -0.240667 1.135971 -0.404008
v -0.287334 1.108999 -0.294050
v -0.414286 0.957928 -0.295607
v -0.522123 0.979746 -0.336022
v -0.566790 1.013428 -0.439021
v -0.522123 1.039244 -0.544266
v -0.414286 1.042072 -0.590108
v -0.306449 1.020254 -0.549692
v -0.261781 0.986572 -0.446694
v -0.306449 0.960756 -0.341448
v -0.428571 0.809812 -0.345057
v -0.531580 0.830653 -0.383663
v -0.574248 0.862827 -0.482049
v -0.531580 0.887487 -0.582583
v -0.428571 0.890188 -0.626372
v -0.325563 0.869347 -0.587765
v -0.282895 0.837173 -0.489379
v -0.325563 0.812513 -0.388846
v -0.442857 0.661696 -0.394508
v -0.541037 0.681560 -0.431304
v -0.581705 0.712226 -0.525078
v -0.541037 0.735730 -0.620899
v -0.442857 0.738304 -0.662635
v -0.344677 0.718440 -0.625839
v -0.304010 0.687774 -0.532064
v -0.344677 0.664270 -0.436244
v -0.457143 0.513580 -0.443958
v -0.550494 0.532467 -0.478945
v -0.589162 0.561624 -0.568107
v -0.550494 0.583973 -0.659215
v -0.457143 0.586420 -0.698899
v -0.363791 0.567533 -0.663912
v -0.325124 0.538376 -0.574750
v -0.363791 0.516027 -0.483642
v -0.471429 0.365464 -0.493408
v -0.559952 0.383374 -0.526586
v -0.596619 0.411023 -0.611136
v -0.559952 0.432215 -0.697532
v -0.471429 0.434536 -0.735163
v -0.382906 0.416626 -0.701986
v -0.346238 0.388977 -0.617435
v -0.382906 0.367785 -0.531040
v -0.485714 0.217347 -0.542859
v -0.569409 0.234280 -0.574226
v -0.604076 0.260422 -0.654165
v -0.569409 0.280458 -0.735848
v -0.485714 0.282653 -0.771427
v -0.402020 0.265720 -0.740059
v -0.367352 0.239578 -0.660121
v -0.402020 0.219542 -0.578437
v -0.500000 0.069231 -0.592309
v -0.578866 0.085187 -0.621867
v -0.611533 0.109821 -0.697194
v -0.578866 0.128701 -0.774165
v -0.500000 0.130769 -0.807691
v -0.421134 0.114813 -0.778133
v -0.388467 0.090179 -0.702806
v -0.421134 0.071299 -0.625835
v 0.400000 1.106045 -0.246156
v 0.287334 1.108999 -0.294050
v 0.240667 1.135971 -0.404008
v 0.287334 1.171161 -0.511618
v 0.400000 1.193955 -0.553844
v 0.512666 1.191001 -0.505950
v 0.559333 1.164029 -0.395992
v 0.512666 1.128839 -0.288382
v 0.414286 0.957928 -0.295607
v 0.306449 0.960756 -0.341448
v 0.261781 0.986572 -0.446694
v 0.306449 1.020254 -0.549692
v 0.414286 1.042072 -0.590108
v 0.522123 1.039244 -0.544266
v 0.566790 1.013428 -0.439021
v 0.522123 0.979746 -0.336022
v 0.428571 0.809812 -0.345057
v 0.325563 0.812513 -0.388846
v 0.282895 0.837173 -0.489379
v 0.325563 0.869347 -0.587765
v 0.428571 0.890188 -0.626372
v 0.531580 0.887487 -0.582583
v 0.574248 0.862827 -0.482049
v 0.531580 0.830653 -0.383663
v 0.442857 0.661696 -0.394508
v 0.344677 0.664270 -0.436244
v 0.304010 0.687774 -0.532064
v 0.344677 0.718440 -0.625839
v 0.442857 0.738304 -0.662635
v 0.541037 0.735730 -0.620899
v 0.581705 0.712226 -0.525078
v 0.541037 0.681560 -0.431304
v 0.457143 0.513580 -0.443958
v 0.363791 0.516027 -0.483642
v 0.325124 0.538376 -0.574750
v 0.363791 0.567533 -0.663912
v 0.457143 0.586420 -0.698899
v 0.550494 0.583973 -0.659215
v 0.589162 0.561624 -0.568107
v 0.550494 0.532467 -0.478945
v 0.471429 0.365464 -0.493408
v 0.382906 0.367785 -0.531040
v 0.346238 0.388977 -0.617435
v 0.382906 0.416626 -0.701986
v 0.471429 0.434536 -0.735163
v 0.559952 0.432215 -0.697532
v 0.596619 0.411023 -0.611136
v 0.559952 0.383374 -0.526586
v 0.485714 0.217347 -0.542859
v 0.402020 0.219542 -0.578437
v 0.367352 0.239578 -0.660121
v 0.402020 0.265720 -0.740059
v 0.485714 0.282653 -0.771427
v 0.569409 0.280458 -0.735848
v 0.604076 0.260422 -0.654165
v 0.569409 0.234280 -0.574226
v 0.500000 0.069231 -0.592309
v 0.421134 0.071299 -0.625835
v 0.388467 0.090179 -0.702806
v 0.421134 0.114813 -0.778133
v 0.500000 0.130769 -0.807691
v 0.578866 0.128701 -0.774165
v 0.611533 0.109821 -0.697194
v 0.578866 0.085187 -0.621867
vt 0.000000 0.000000
vt 0.055556 0.000000
vt 0.111111 0.000000
vt 0.166667 0.000000
vt 0.222222 0.000000
vt 0.277778 0.000000
vt 0.333333 0.000000
vt 0.388889 0.000000
vt 0.444444 0.000000
vt 0.500000 0.000000
vt 0.555556 0.000000
vt 0.611111 0.000000
vt 0.666667 0.000000
vt 0.722222 0.000000
vt 0.777778 0.000000
vt 0.833333 0.000000
vt 0.888889 0.000000
vt 0.944444 0.000000
vt 0.000000 0.142857
vt 0.055556 0.142857
vt 0.111111 0.142857
vt 0.166667 0.142857
vt 0.222222 0.142857
vt 0.277778 0.142857
vt 0.333333 0.142857
vt 0.388889 0.142857
vt 0.444444 0.142857
vt 0.500000 0.142857
vt 0.555556 0.142857
vt 0.611111 0.142857
vt 0.666667 0.142857
vt 0.722222 0.142857
vt 0.777778 0.142857
vt 0.833333 0.142857
vt 0.888889 0.142857
vt 0.944444 0.142857
vt 0.000000 0.285714
vt 0.055556 0.285714
vt 0.111111 0.285714
vt 0.166667 0.285714
vt 0.222222 0.285714
vt 0.277778 0.285714
vt 0.333333 0.285714
vt 0.388889 0.285714
vt 0.444444 0.285714
vt 0.500000 0.285714
vt 0.555556 0.285714
vt 0.611111 0.285714
vt 0.666667 0.285714
vt 0.722222 0.285714
vt 0.777778 0.285714
vt 0.833333 0.285714
vt 0.888889 0.285714
vt 0.944444 0.285714
vt 0.000000 0.428571
vt 0.055556 0.428571
vt 0.111111 0.428571
vt 0.166667 0.428571
vt 0.222222 0.428571
vt 0.277778 0.428571
vt 0.333333 0.428571
vt 0.388889 0.428571
vt 0.444444 0.428571
vt 0.500000 0.428571
vt 0.555556 0.428571
vt 0.611111 0.428571
vt 0.666667 0.428571
vt 0.722222 0.428571
vt 0.777778 0.428571
vt 0.833333 0.428571
vt 0.888889 0.428571
vt 0.944444 0.428571
vt 0.000000 0.571429
vt 0.055556 0.571429
vt 0.111111 0.571429
vt 0.166667 0.571429
vt 0.222222 0.571429
vt 0.277778 0.571429
vt 0.333333 0.571429
vt 0.388889 0.571429
vt 0.444444 0.571429
vt 0.500000 0.571429
vt 0.555556 0.571429
vt 0.611111 0.571429
vt 0.666667 0.571429
vt 0.722222 0.571429
vt 0.777778 0.571429
vt 0.833333 0.571429
vt 0.888889 0.571429
vt 0.944444 0.571429
vt 0.000000 0.714286
vt 0.055556 0.714286
vt 0.111111 0.714286
vt 0.166667 0.714286
vt 0.222222 0.714286
vt 0.277778 0.714286
vt 0.333333 0.714286
vt 0.388889 0.714286
vt 0.444444 0.714286
vt 0.500000 0.714286
vt 0.555556 0.714286
vt 0.611111 0.714286
vt 0.666667 0.714286
vt 0.722222 0.714286
vt 0.777778 0.714286
vt 0.833333 0.714286
vt 0.888889 0.714286
vt 0.944444 0.714286
vt 0.000000 0.857143
vt 0.055556 0.857143
vt 0.111111 0.857143
vt 0.166667 0.857143
vt 0.222222 0.857143
vt 0.277778 0.857143
vt 0.333333 0.857143
vt 0.388889 0.857143
vt 0.444444 0.857143
vt 0.500000 0.857143
vt 0.555556 0.857143
vt 0.611111 0.857143
vt 0.666667 0.857143
vt 0.722222 0.857143
vt 0.777778 0.857143
vt 0.833333 0.857143
vt 0.888889 0.857143
vt 0.944444 0.857143
vt 0.000000 1.000000
vt 0.055556 1.000000
vt 0.111111 1.000000
vt 0.166667 1.000000
vt 0.222222 1.000000
vt 0.277778 1.000000
vt 0.333333 1.000000
vt 0.388889 1.000000
vt 0.444444 1.000000
vt 0.500000 1.000000
vt 0.555556 1.000000
vt 0.611111 1.000000
vt 0.666667 1.000000
vt 0.722222 1.000000
vt 0.777778 1.000000
vt 0.833333 1.000000
vt 0.888889 1.000000
vt 0.944444 1.000000
vt 0.000000 0.000000
vt 0.071429 0.000000
vt 0.142857 0.000000
vt 0.214286 0.000000
vt 0.285714 0.000000
vt 0.357143 0.000000
vt 0.428571 0.000000
vt 0.500000 0.000000
vt 0.571429 0.000000
vt 0.642857 0.000000
vt 0.714286 0.000000
vt 0.785714 0.000000
vt 0.857143 0.000000
vt 0.928571 0.000000
vt 0.000000 0.142857
vt 0.071429 0.142857
vt 0.142857 0.142857
vt 0.214286 0.142857
vt 0.285714 0.142857
vt 0.357143 0.142857
vt 0.428571 0.142857
vt 0.500000 0.142857
vt 0.571429 0.142857
vt 0.642857 0.142857
vt 0.714286 0.142857
vt 0.785714 0.142857
vt 0.857143 0.142857
vt 0.928571 0.142857
vt 0.000000 0.285714
vt 0.071429 0.285714
vt 0.142857 0.285714
vt 0.214286 0.285714
vt 0.285714 0.285714
vt 0.357143 0.285714
vt 0.428571 0.285714
vt 0.500000 0.285714
vt 0.571429 0.285714
vt 0.642857 0.285714
vt 0.714286 0.285714
vt 0.785714 0.285714
vt 0.857143 0.285714
vt 0.928571 0.285714
vt 0.000000 0.428571
vt 0.071429 0.428571
vt 0.142857 0.428571
vt 0.214286 0.428571
vt 0.285714 0.428571
vt 0.357143 0.428571
vt 0.428571 0.428571
vt 0.500000 0.428571
vt 0.571429 0.428571
vt 0.642857 0.428571
vt 0.714286 0.428571
vt 0.785714 0.428571
vt 0.857143 0.428571
vt 0.928571 0.428571
vt 0.000000 0.571429
vt 0.071429 0.571429
vt 0.142857 0.571429
vt 0.214286 0.571429
vt 0.285714 0.571429
vt 0.357143 0.571429
vt 0.428571 0.571429
vt 0.500000 0.571429
vt 0.571429 0.571429
vt 0.642857 0.571429
vt 0.714286 0.571429
vt 0.785714 0.571429
vt 0.857143 0.571429
vt 0.928571 0.571429
vt 0.000000 0.714286
vt 0.071429 0.714286
vt 0.142857 0.714286
vt 0.214286 0.714286
vt 0.285714 0.714286
vt 0.357143 0.714286
vt 0.428571 0.714286
vt 0.500000 0.714286
vt 0.571429 0.714286
vt 0.642857 0.714286
vt 0.714286 0.714286
vt 0.785714 0.714286
vt 0.857143 0.714286
vt 0.928571 0.714286
vt 0.000000 0.857143
vt 0.071429 0.857143
vt 0.142857 0.857143
vt 0.214286 0.857143
vt 0.285714 0.857143
vt 0.357143 0.857143
vt 0.428571 0.857143
vt 0.500000 0.857143
vt 0.571429 0.857143
vt 0.642857 0.857143
vt 0.714286 0.857143
vt 0.785714 0.857143
vt 0.857143 0.857143
vt 0.928571 0.857143
vt 0.000000 1.000000
vt 0.071429 1.000000
vt 0.142857 1.000000
vt 0.214286 1.000000
vt 0.285714 1.000000
vt 0.357143 1.000000
vt 0.428571 1.000000
vt 0.500000 1.000000
vt 0.571429 1.000000
vt 0.642857 1.000000
vt 0.714286 1.000000
vt 0.785714 1.000000
vt 0.857143 1.000000
vt 0.928571 1.000000
vt 0.000000 0.000000
vt 2.000000 0.000000
vt 0.000000 2.000000
vt 2.000000 2.000000
vt 0.000000 0.000000
vt 2.000000 0.000000
vt 0.000000 2.000000
vt 2.000000 2.000000
vt 0.000000 0.000000
vt 2.000000 0.000000
vt 0.000000 2.000000
vt 2.000000 2.000000
vt 0.000000 0.000000
vt 2.000000 0.000000
vt 0.000000 2.000000
vt 2.000000 2.000000
vt 0.000000 0.000000
vt 2.000000 0.000000
vt 0.000000 2.000000
vt 2.000000 2.000000
vt 0.000000 0.000000
vt 2.000000 0.000000
vt 0.000000 2.000000
vt 2.000000 2.000000
vt 0.000000 0.000000
vt 0.071429 0.000000
vt 0.142857 0.000000
vt 0.214286 0.000000
vt 0.285714 0.000000
vt 0.357143 0.000000
vt 0.428571 0.000000
vt 0.500000 0.000000
vt 0.571429 0.000000
vt 0.642857 0.000000
vt 0.714286 0.000000
vt 0.785714 0.000000
vt 0.857143 0.000000
vt 0.928571 0.000000
vt 0.000000 0.142857
vt 0.071429 0.142857
vt 0.142857 0.142857
vt 0.214286 0.142857
vt 0.285714 0.142857
vt 0.357143 0.142857
vt 0.428571 0.142857
vt 0.500000 0.142857
vt 0.571429 0.142857
vt 0.642857 0.142857
vt 0.714286 0.142857
vt 0.785714 0.142857
vt 0.857143 0.142857
vt 0.928571 0.142857
vt 0.000000 0.285714
vt 0.071429 0.285714
vt 0.142857 0.285714
vt 0.214286 0.285714
vt 0.285714 0.285714
vt 0.357143 0.285714
vt 0.428571 0.285714
vt 0.500000 0.285714
vt 0.571429 0.285714
vt 0.642857 0.285714
vt 0.714286 0.285714
vt 0.785714 0.285714
vt 0.857143 0.285714
vt 0.928571 0.285714
vt 0.000000 0.428571
vt 0.071429 0.428571
vt 0.142857 0.428571
vt 0.214286 0.428571
vt 0.285714 0.428571
vt 0.357143 0.428571
vt 0.428571 0.428571
vt 0.500000 0.428571
vt 0.571429 0.428571
vt 0.642857 0.428571
vt 0.714286 0.428571
vt 0.785714 0.428571
vt 0.857143 0.428571
vt 0.928571 0.428571
vt 0.000000 0.571429
vt 0.071429 0.571429
vt 0.142857 0.571429
vt 0.214286 0.571429
vt 0.285714 0.571429
vt 0.357143 0.571429
vt 0.428571 0.571429
vt 0.500000 0.571429
vt 0.571429 0.571429
vt 0.642857 0.571429
vt 0.714286 0.571429
vt 0.785714 0.571429
vt 0.857143 0.571429
vt 0.928571 0.571429
vt 0.000000 0.714286
vt 0.071429 0.714286
vt 0.142857 0.714286
vt 0.214286 0.714286
vt 0.285714 0.714286
vt 0.357143 0.714286
vt 0.428571 0.714286
vt 0.500000 0.714286
vt 0.571429 0.714286
vt 0.642857 0.714286
vt 0.714286 0.714286
vt 0.785714 0.714286
vt 0.857143 0.714286
vt 0.928571 0.714286
vt 0.000000 0.857143
vt 0.071429 0.857143
vt 0.142857 0.857143
vt 0.214286 0.857143
vt 0.285714 0.857143
vt 0.357143 0.857143
vt 0.428571 0.857143
vt 0.500000 0.857143
vt 0.571429 0.857143
vt 0.642857 0.857143
vt 0.714286 0.857143
vt 0.785714 0.857143
vt 0.857143 0.857143
vt 0.928571 0.857143
vt 0.000000 1.000000
vt 0.071429 1.000000
vt 0.142857 1.000000
vt 0.214286 1.000000
vt 0.285714 1.000000
vt 0.357143 1.000000
vt 0.428571 1.000000
vt 0.500000 1.000000
vt 0.571429 1.000000
vt 0.642857 1.000000
vt 0.714286 1.000000
vt 0.785714 1.000000
vt 0.857143 1.000000
vt 0.928571 1.000000
vt 0.000000 0.000000
vt 0.083333 0.000000
vt 0.166667 0.000000
vt 0.250000 0.000000
vt 0.333333 0.000000
vt 0.416667 0.000000
vt 0.500000 0.000000
vt 0.583333 0.000000
vt 0.666667 0.000000
vt 0.750000 0.000000
vt 0.833333 0.000000
vt 0.916667 0.000000
vt 0.000000 0.142857
vt 0.083333 0.142857
vt 0.166667 0.142857
vt 0.250000 0.142857
vt 0.333333 0.142857
vt 0.416667 0.142857
vt 0.500000 0.142857
vt 0.583333 0.142857
vt 0.666667 0.142857
vt 0.750000 0.142857
vt 0.833333 0.142857
vt 0.916667 0.142857
vt 0.000000 0.285714
vt 0.083333 0.285714
vt 0.166667 0.285714
vt 0.250000 0.285714
vt 0.333333 0.285714
vt 0.416667 0.285714
vt 0.500000 0.285714
vt 0.583333 0.285714
vt 0.666667 0.285714
vt 0.750000 0.285714
vt 0.833333 0.285714
vt 0.916667 0.285714
vt 0.000000 0.428571
vt 0.083333 0.428571
vt 0.166667 0.428571
vt 0.250000 0.428571
vt 0.333333 0.428571
vt 0.416667 0.428571
vt 0.500000 0.428571
vt 0.583333 0.428571
vt 0.666667 0.428571
vt 0.750000 0.428571
vt 0.833333 0.428571
vt 0.916667 0.428571
vt 0.000000 0.571429
vt 0.083333 0.571429
vt 0.166667 0.571429
vt 0.250000 0.571429
vt 0.333333 0.571429
vt 0.416667 0.571429
vt 0.500000 0.571429
vt 0.583333 0.571429
vt 0.666667 0.571429
vt 0.750000 0.571429
vt 0.833333 0.571429
vt 0.916667 0.571429
vt 0.000000 0.714286
vt 0.083333 0.714286
vt 0.166667 0.714286
vt 0.250000 0.714286
vt 0.333333 0.714286
vt 0.416667 0.714286
vt 0.500000 0.714286
vt 0.583333 0.714286
vt 0.666667 0.714286
vt 0.750000 0.714286
vt 0.833333 0.714286
vt 0.916667 0.714286
vt 0.000000 0.857143
vt 0.083333 0.857143
vt 0.166667 0.857143
vt 0.250000 0.857143
vt 0.333333 0.857143
vt 0.416667 0.857143
vt 0.500000 0.857143
vt 0.583333 0.857143
vt 0.666667 0.857143
vt 0.750000 0.857143
vt 0.833333 0.857143
vt 0.916667 0.857143
vt 0.000000 1.000000
vt 0.083333 1.000000
vt 0.166667 1.000000
vt 0.250000 1.000000
vt 0.333333 1.000000
vt 0.416667 1.000000
vt 0.500000 1.000000
vt 0.583333 1.000000
vt 0.666667 1.000000
vt 0.750000 1.000000
vt 0.833333 1.000000
vt 0.916667 1.000000
vt 0.000000 0.000000
vt 0.083333 0.000000
vt 0.166667 0.000000
vt 0.250000 0.000000
vt 0.333333 0.000000
vt 0.416667 0.000000
vt 0.500000 0.000000
vt 0.583333 0.000000
vt 0.666667 0.000000
vt 0.750000 0.000000
vt 0.833333 0.000000
vt 0.916667 0.000000
vt 0.000000 0.142857
vt 0.083333 0.142857
vt 0.166667 0.142857
vt 0.250000 0.142857
vt 0.333333 0.142857
vt 0.416667 0.142857
vt 0.500000 0.142857
vt 0.583333 0.142857
vt 0.666667 0.142857
vt 0.750000 0.142857
vt 0.833333 0.142857
vt 0.916667 0.142857
vt 0.000000 0.285714
vt 0.083333 0.285714
vt 0.166667 0.285714
vt 0.250000 0.285714
vt 0.333333 0.285714
vt 0.416667 0.285714
vt 0.500000 0.285714
vt 0.583333 0.285714
vt 0.666667 0.285714
vt 0.750000 0.285714
vt 0.833333 0.285714
vt 0.916667 0.285714
vt 0.000000 0.428571
vt 0.083333 0.428571
vt 0.166667 0.428571
vt 0.250000 0.428571
vt 0.333333 0.428571
vt 0.416667 0.428571
vt 0.500000 0.428571
vt 0.583333 0.428571
vt 0.666667 0.428571
vt 0.750000 0.428571
vt 0.833333 0.428571
vt 0.916667 0.428571
vt 0.000000 0.571429
vt 0.083333 0.571429
vt 0.166667 0.571429
vt 0.250000 0.571429
vt 0.333333 0.571429
vt 0.416667 0.571429
vt 0.500000 0.571429
vt 0.583333 0.571429
vt 0.666667 0.571429
vt 0.750000 0.571429
vt 0.833333 0.571429
vt 0.916667 0.571429
vt 0.000000 0.714286
vt 0.083333 0.714286
vt 0.166667 0.714286
vt 0.250000 0.714286
vt 0.333333 0.714286
vt 0.416667 0.714286
vt 0.500000 0.714286
vt 0.583333 0.714286
vt 0.666667 0.714286
vt 0.750000 0.714286
vt 0.833333 0.714286
vt 0.916667 0.714286
vt 0.000000 0.857143
vt 0.083333 0.857143
vt 0.166667 0.857143
vt 0.250000 0.857143
vt 0.333333 0.857143
vt 0.416667 0.857143
vt 0.500000 0.857143
vt 0.583333 0.857143
vt 0.666667 0.857143
vt 0.750000 0.857143
vt 0.833333 0.857143
vt 0.916667 0.857143
vt 0.000000 1.000000
vt 0.083333 1.000000
vt 0.166667 1.000000
vt 0.250000 1.000000
vt 0.333333 1.000000
vt 0.416667 1.000000
vt 0.500000 1.000000
vt 0.583333 1.000000
vt 0.666667 1.000000
vt 0.750000 1.000000
vt 0.833333 1.000000
vt 0.916667 1.000000
vt 0.000000 0.000000
vt 0.125000 0.000000
vt 0.250000 0.000000
vt 0.375000 0.000000
vt 0.500000 0.000000
vt 0.625000 0.000000
vt 0.750000 0.000000
vt 0.875000 0.000000
vt 0.000000 0.142857
vt 0.125000 0.142857
vt 0.250000 0.142857
vt 0.375000 0.142857
vt 0.500000 0.142857
vt 0.625000 0.142857
vt 0.750000 0.142857
vt 0.875000 0.142857
vt 0.000000 0.285714
vt 0.125000 0.285714
vt 0.250000 0.285714
vt 0.375000 0.285714
vt 0.500000 0.285714
vt 0.625000 0.285714
vt 0.750000 0.285714
vt 0.875000 0.285714
vt 0.000000 0.428571
vt 0.125000 0.428571
vt 0.250000 0.428571
vt 0.375000 0.428571
vt 0.500000 0.428571
vt 0.625000 0.428571
vt 0.750000 0.428571
vt 0.875000 0.428571
vt 0.000000 0.571429
vt 0.125000 0.571429
vt 0.250000 0.571429
vt 0.375000 0.571429
vt 0.500000 0.571429
vt 0.625000 0.571429
vt 0.750000 0.571429
vt 0.875000 0.571429
vt 0.000000 0.714286
vt 0.125000 0.714286
vt 0.250000 0.714286
vt 0.375000 0.714286
vt 0.500000 0.714286
vt 0.625000 0.714286
vt 0.750000 0.714286
vt 0.875000 0.714286
vt 0.000000 0.857143
vt 0.125000 0.857143
vt 0.250000 0.857143
vt 0.375000 0.857143
vt 0.500000 0.857143
vt 0.625000 0.857143
vt 0.750000 0.857143
vt 0.875000 0.857143
vt 0.000000 1.000000
vt 0.125000 1.000000
vt 0.250000 1.000000
vt 0.375000 1.000000
vt 0.500000 1.000000
vt 0.625000 1.000000
vt 0.750000 1.000000
vt 0.875000 1.000000
vt 0.000000 0.000000
vt 0.125000 0.000000
vt 0.250000 0.000000
vt 0.375000 0.000000
vt 0.500000 0.000000
vt 0.625000 0.000000
vt 0.750000 0.000000
vt 0.875000 0.000000
vt 0.000000 0.142857
vt 0.125000 0.142857
vt 0.250000 0.142857
vt 0.375000 0.142857
vt 0.500000 0.142857
vt 0.625000 0.142857
vt 0.750000 0.142857
vt 0.875000 0.142857
vt 0.000000 0.285714
vt 0.125000 0.285714
vt 0.250000 0.285714
vt 0.375000 0.285714
vt 0.500000 0.285714
vt 0.625000 0.285714
vt 0.750000 0.285714
vt 0.875000 0.285714
vt 0.000000 0.428571
vt 0.125000 0.428571
vt 0.250000 0.428571
vt 0.375000 0.428571
vt 0.500000 0.428571
vt 0.625000 0.428571
vt 0.750000 0.428571
vt 0.875000 0.428571
vt 0.000000 0.571429
vt 0.125000 0.571429
vt 0.250000 0.571429
vt 0.375000 0.571429
vt 0.500000 0.571429
vt 0.625000 0.571429
vt 0.750000 0.571429
vt 0.875000 0.571429
vt 0.000000 0.714286
vt 0.125000 0.714286
vt 0.250000 0.714286
vt 0.375000 0.714286
vt 0.500000 0.714286
vt 0.625000 0.714286
vt 0.750000 0.714286
vt 0.875000 0.714286
vt 0.000000 0.857143
vt 0.125000 0.857143
vt 0.250000 0.857143
vt 0.375000 0.857143
vt 0.500000 0.857143
vt 0.625000 0.857143
vt 0.750000 0.857143
vt 0.875000 0.857143
vt 0.000000 1.000000
vt 0.125000 1.000000
vt 0.250000 1.000000
vt 0.375000 1.000000
vt 0.500000 1.000000
vt 0.625000 1.000000
vt 0.750000 1.000000
vt 0.875000 1.000000
vt 0.000000 0.000000
vt 0.125000 0.000000
vt 0.250000 0.000000
vt 0.375000 0.000000
vt 0.500000 0.000000
vt 0.625000 0.000000
vt 0.750000 0.000000
vt 0.875000 0.000000
vt 0.000000 0.142857
vt 0.125000 0.142857
vt 0.250000 0.142857
vt 0.375000 0.142857
vt 0.500000 0.142857
vt 0.625000 0.142857
vt 0.750000 0.142857
vt 0.875000 0.142857
vt 0.000000 0.285714
vt 0.125000 0.285714
vt 0.250000 0.285714
vt 0.375000 0.285714
vt 0.500000 0.285714
vt 0.625000 0.285714
vt 0.750000 0.285714
vt 0.875000 0.285714
vt 0.000000 0.428571
vt 0.125000 0.428571
vt 0.250000 0.428571
vt 0.375000 0.428571
vt 0.500000 0.428571
vt 0.625000 0.428571
vt 0.750000 0.428571
vt 0.875000 0.428571
vt 0.000000 0.571429
vt 0.125000 0.571429
vt 0.250000 0.571429
vt 0.375000 0.571429
vt 0.500000 0.571429
vt 0.625000 0.571429
vt 0.750000 0.571429
vt 0.875000 0.571429
vt 0.000000 0.714286
vt 0.125000 0.714286
vt 0.250000 0.714286
vt 0.375000 0.714286
vt 0.500000 0.714286
vt 0.625000 0.714286
vt 0.750000 0.714286
vt 0.875000 0.714286
vt 0.000000 0.857143
vt 0.125000 0.857143
vt 0.250000 0.857143
vt 0.375000 0.857143
vt 0.500000 0.857143
vt 0.625000 0.857143
vt 0.750000 0.857143
vt 0.875000 0.857143
vt 0.000000 1.000000
vt 0.125000 1.000000
vt 0.250000 1.000000
vt 0.375000 1.000000
vt 0.500000 1.000000
vt 0.625000 1.000000
vt 0.750000 1.000000
vt 0.875000 1.000000
vt 0.000000 0.000000
vt 0.125000 0.000000
vt 0.250000 0.000000
vt 0.375000 0.000000
vt 0.500000 0.000000
vt 0.625000 0.000000
vt 0.750000 0.000000
vt 0.875000 0.000000
vt 0.000000 0.142857
vt 0.125000 0.142857
vt 0.250000 0.142857
vt 0.375000 0.142857
vt 0.500000 0.142857
vt 0.625000 0.142857
vt 0.750000 0.142857
vt 0.875000 0.142857
vt 0.000000 0.285714
vt 0.125000 0.285714
vt 0.250000 0.285714
vt 0.375000 0.285714
vt 0.500000 0.285714
vt 0.625000 0.285714
vt 0.750000 0.285714
vt 0.875000 0.285714
vt 0.000000 0.428571
vt 0.125000 0.428571
vt 0.250000 0.428571
vt 0.375000 0.428571
vt 0.500000 0.428571
vt 0.625000 0.428571
vt 0.750000 0.428571
vt 0.875000 0.428571
vt 0.000000 0.571429
vt 0.125000 0.571429
vt 0.250000 0.571429
vt 0.375000 0.571429
vt 0.500000 0.571429
vt 0.625000 0.571429
vt 0.750000 0.571429
vt 0.875000 0.571429
vt 0.000000 0.714286
vt 0.125000 0.714286
vt 0.250000 0.714286
vt 0.375000 0.714286
vt 0.500000 0.714286
vt 0.625000 0.714286
vt 0.750000 0.714286
vt 0.875000 0.714286
vt 0.000000 0.857143
vt 0.125000 0.857143
vt 0.250000 0.857143
vt 0.375000 0.857143
vt 0.500000 0.857143
vt 0.625000 0.857143
vt 0.750000 0.857143
vt 0.875000 0.857143
vt 0.000000 1.000000
vt 0.125000 1.000000
vt 0.250000 1.000000
vt 0.375000 1.000000
vt 0.500000 1.000000
vt 0.625000 1.000000
vt 0.750000 1.000000
vt 0.875000 1.000000
vn -1.000000 0.000000 0.000000
vn -0.939693 -0.341494 0.018972
vn -0.766044 -0.641798 0.035655
vn -0.500000 -0.864692 0.048038
vn -0.173648 -0.983291 0.054627
vn 0.173648 -0.983291 0.054627
vn 0.500000 -0.864692 0.048038
vn 0.766044 -0.641798 0.035655
vn 0.939693 -0.341494 0.018972
vn 1.000000 -0.000000 0.000000
vn 0.939693 0.341494 -0.018972
vn 0.766044 0.641798 -0.035655
vn 0.500000 0.864692 -0.048038
vn 0.173648 0.983291 -0.054627
vn -0.173648 0.983291 -0.054627
vn -0.500000 0.864692 -0.048038
vn -0.766044 0.641798 -0.035655
vn -0.939693 0.341494 -0.018972
vn -1.000000 0.000000 0.000000
vn -0.939693 -0.341494 0.018972
vn -0.766044 -0.641798 0.035655
vn -0.500000 -0.864692 0.048038
vn -0.173648 -0.983291 0.054627
vn 0.173648 -0.983291 0.054627
vn 0.500000 -0.864692 0.048038
vn 0.766044 -0.641798 0.035655
vn 0.939693 -0.341494 0.018972
vn 1.000000 -0.000000 0.000000
vn 0.939693 0.341494 -0.018972
vn 0.766044 0.641798 -0.035655
vn 0.500000 0.864692 -0.048038
vn 0.173648 0.983291 -0.054627
vn -0.173648 0.983291 -0.054627
vn -0.500000 0.864692 -0.048038
vn -0.766044 0.641798 -0.035655
vn -0.939693 0.341494 -0.018972
vn -1.000000 0.000000 0.000000
vn -0.939693 -0.341494 0.018972
vn -0.766044 -0.641798 0.035655
vn -0.500000 -0.864692 0.048038
vn -0.173648 -0.983291 0.054627
vn 0.173648 -0.983291 0.054627
vn 0.500000 -0.864692 0.048038
vn 0.766044 -0.641798 0.035655
vn 0.939693 -0.341494 0.018972
vn 1.000000 -0.000000 0.000000
vn 0.939693 0.341494 -0.018972
vn 0.766044 0.641798 -0.035655
vn 0.500000 0.864692 -0.048038
vn 0.173648 0.983291 -0.054627
vn -0.173648 0.983291 -0.054627
vn -0.500000 0.864692 -0.048038
vn -0.766044 0.641798 -0.035655
vn -0.939693 0.341494 -0.018972
vn -1.000000 0.000000 0.000000
vn -0.939693 -0.341494 0.018972
vn -0.766044 -0.641798 0.035655
vn -0.500000 -0.864692 0.048038
vn -0.173648 -0.983291 0.054627
vn 0.173648 -0.983291 0.054627
vn 0.500000 -0.864692 0.048038
vn 0.766044 -0.641798 0.035655
vn 0.939693 -0.341494 0.018972
vn 1.000000 -0.000000 0.000000
vn 0.939693 0.341494 -0.018972
vn 0.766044 0.641798 -0.035655
vn 0.500000 0.864692 -0.048038
vn 0.173648 0.983291 -0.054627
vn -0.173648 0.983291 -0.054627
vn -0.500000 0.864692 -0.048038
vn -0.766044 0.641798 -0.035655
vn -0.939693 0.341494 -0.018972
vn -1.000000 0.000000 0.000000
vn -0.939693 -0.341494 0.018972
vn -0.766044 -0.641798 0.035655
vn -0.500000 -0.864692 0.048038
vn -0.173648 -0.983291 0.054627
vn 0.173648 -0.983291 0.054627
vn 0.500000 -0.864692 0.048038
vn 0.766044 -0.641798 0.035655
vn 0.939693 -0.341494 0.018972
vn 1.000000 -0.000000 0.000000
vn 0.939693 0.341494 -0.018972
vn 0.766044 0.641798 -0.035655
vn 0.500000 0.864692 -0.048038
vn 0.173648 0.983291 -0.054627
vn -0.173648 0.983291 -0.054627
vn -0.500000 0.864692 -0.048038
vn -0.766044 0.641798 -0.035655
vn -0.939693 0.341494 -0.018972
vn -1.000000 0.000000 0.000000
vn -0.939693 -0.341494 0.018972
vn -0.766044 -0.641798 0.035655
vn -0.500000 -0.864692 0.048038
vn -0.173648 -0.983291 0.054627
vn 0.173648 -0.983291 0.054627
vn 0.500000 -0.864692 0.048038
vn 0.766044 -0.641798 0.035655
vn 0.939693 -0.341494 0.018972
vn 1.000000 -0.000000 0.000000
vn 0.939693 0.341494 -0.018972
vn 0.766044 0.641798 -0.035655
vn 0.500000 0.864692 -0.048038
vn 0.173648 0.983291 -0.054627
vn -0.173648 0.983291 -0.054627
vn -0.500000 0.864692 -0.048038
vn -0.766044 0.641798 -0.035655
vn -0.939693 0.341494 -0.018972
vn -1.000000 0.000000 0.000000
vn -0.939693 -0.341494 0.018972
vn -0.766044 -0.641798 0.035655
vn -0.500000 -0.864692 0.048038
vn -0.173648 -0.983291 0.054627
vn 0.173648 -0.983291 0.054627
vn 0.500000 -0.864692 0.048038
vn 0.766044 -0.641798 0.035655
vn 0.939693 -0.341494 0.018972
vn 1.000000 -0.000000 0.000000
vn 0.939693 0.341494 -0.018972
vn 0.766044 0.641798 -0.035655
vn 0.500000 0.864692 -0.048038
vn 0.173648 0.983291 -0.054627
vn -0.173648 0.983291 -0.054627
vn -0.500000 0.864692 -0.048038
vn -0.766044 0.641798 -0.035655
vn -0.939693 0.341494 -0.018972
vn -1.000000 0.000000 0.000000
vn -0.939693 -0.341494 0.018972
vn -0.766044 -0.641798 0.035655
vn -0.500000 -0.864692 0.048038
vn -0.173648 -0.983291 0.054627
vn 0.173648 -0.983291 0.054627
vn 0.500000 -0.864692 0.048038
vn 0.766044 -0.641798 0.035655
vn 0.939693 -0.341494 0.018972
vn 1.000000 -0.000000 0.000000
vn 0.939693 0.341494 -0.018972
vn 0.766044 0.641798 -0.035655
vn 0.500000 0.864692 -0.048038
vn 0.173648 0.983291 -0.054627
vn -0.173648 0.983291 -0.054627
vn -0.500000 0.864692 -0.048038
vn -0.766044 0.641798 -0.035655
vn -0.939693 0.341494 -0.018972
vn -0.997684 0.000000 0.068024
vn -0.894903 -0.429923 0.119642
vn -0.614876 -0.774695 0.147564
vn -0.213065 -0.966029 0.146258
vn 0.230946 -0.966029 0.115985
vn 0.629215 -0.774695 0.062739
vn 0.902861 -0.429923 -0.002933
vn 0.997684 -0.000000 -0.068024
vn 0.894903 0.429923 -0.119642
vn 0.614876 0.774695 -0.147564
vn 0.213065 0.966029 -0.146258
vn -0.230946 0.966029 -0.115985
vn -0.629215 0.774695 -0.062739
vn -0.902861 0.429923 0.002933
vn -0.997684 0.000000 0.068024
vn -0.894903 -0.429923 0.119642
vn -0.614876 -0.774695 0.147564
vn -0.213065 -0.966029 0.146258
vn 0.230946 -0.966029 0.115985
vn 0.629215 -0.774695 0.062739
vn 0.902861 -0.429923 -0.002933
vn 0.997684 -0.000000 -0.068024
vn 0.894903 0.429923 -0.119642
vn 0.614876 0.774695 -0.147564
vn 0.213065 0.966029 -0.146258
vn -0.230946 0.966029 -0.115985
vn -0.629215 0.774695 -0.062739
vn -0.902861 0.429923 0.002933
vn -0.997684 0.000000 0.068024
vn -0.894903 -0.429923 0.119642
vn -0.614876 -0.774695 0.147564
vn -0.213065 -0.966029 0.146258
vn 0.230946 -0.966029 0.115985
vn 0.629215 -0.774695 0.062739
vn 0.902861 -0.429923 -0.002933
vn 0.997684 -0.000000 -0.068024
vn 0.894903 0.429923 -0.119642
vn 0.614876 0.774695 -0.147564
vn 0.213065 0.966029 -0.146258
vn -0.230946 0.966029 -0.115985
vn -0.629215 0.774695 -0.062739
vn -0.902861 0.429923 0.002933
vn -0.997684 0.000000 0.068024
vn -0.894903 -0.429923 0.119642
vn -0.614876 -0.774695 0.147564
vn -0.213065 -0.966029 0.146258
vn 0.230946 -0.966029 0.115985
vn 0.629215 -0.774695 0.062739
vn 0.902861 -0.429923 -0.002933
vn 0.997684 -0.000000 -0.068024
vn 0.894903 0.429923 -0.119642
vn 0.614876 0.774695 -0.147564
vn 0.213065 0.966029 -0.146258
vn -0.230946 0.966029 -0.115985
vn -0.629215 0.774695 -0.062739
vn -0.902861 0.429923 0.002933
vn -0.997684 0.000000 0.068024
vn -0.894903 -0.429923 0.119642
vn -0.614876 -0.774695 0.147564
vn -0.213065 -0.966029 0.146258
vn 0.230946 -0.966029 0.115985
vn 0.629215 -0.774695 0.062739
vn 0.902861 -0.429923 -0.002933
vn 0.997684 -0.000000 -0.068024
vn 0.894903 0.429923 -0.119642
vn 0.614876 0.774695 -0.147564
vn 0.213065 0.966029 -0.146258
vn -0.230946 0.966029 -0.115985
vn -0.629215 0.774695 -0.062739
vn -0.902861 0.429923 0.002933
vn -0.997684 0.000000 0.068024
vn -0.894903 -0.429923 0.119642
vn -0.614876 -0.774695 0.147564
vn -0.213065 -0.966029 0.146258
vn 0.230946 -0.966029 0.115985
vn 0.629215 -0.774695 0.062739
vn 0.902861 -0.429923 -0.002933
vn 0.997684 -0.000000 -0.068024
vn 0.894903 0.429923 -0.119642
vn 0.614876 0.774695 -0.147564
vn 0.213065 0.966029 -0.146258
vn -0.230946 0.966029 -0.115985
vn -0.629215 0.774695 -0.062739
vn -0.902861 0.429923 0.002933
vn -0.997684 0.000000 0.068024
vn -0.894903 -0.429923 0.119642
vn -0.614876 -0.774695 0.147564
vn -0.213065 -0.966029 0.146258
vn 0.230946 -0.966029 0.115985
vn 0.629215 -0.774695 0.062739
vn 0.902861 -0.429923 -0.002933
vn 0.997684 -0.000000 -0.068024
vn 0.894903 0.429923 -0.119642
vn 0.614876 0.774695 -0.147564
vn 0.213065 0.966029 -0.146258
vn -0.230946 0.966029 -0.115985
vn -0.629215 0.774695 -0.062739
vn -0.902861 0.429923 0.002933
vn -0.997684 0.000000 0.068024
vn -0.894903 -0.429923 0.119642
vn -0.614876 -0.774695 0.147564
vn -0.213065 -0.966029 0.146258
vn 0.230946 -0.966029 0.115985
vn 0.629215 -0.774695 0.062739
vn 0.902861 -0.429923 -0.002933
vn 0.997684 -0.000000 -0.068024
vn 0.894903 0.429923 -0.119642
vn 0.614876 0.774695 -0.147564
vn 0.213065 0.966029 -0.146258
vn -0.230946 0.966029 -0.115985
vn -0.629215 0.774695 -0.062739
vn -0.902861 0.429923 0.002933
vn 0.000000 0.000000 1.000000
vn 0.000000 0.000000 1.000000
vn 0.000000 0.000000 1.000000
vn 0.000000 0.000000 1.000000
vn 0.000000 0.000000 -1.000000
vn 0.000000 0.000000 -1.000000
vn 0.000000 0.000000 -1.000000
vn 0.000000 0.000000 -1.000000
vn 0.000000 1.000000 0.000000
vn 0.000000 1.000000 0.000000
vn 0.000000 1.000000 0.000000
vn 0.000000 1.000000 0.000000
vn 0.000000 -1.000000 0.000000
vn 0.000000 -1.000000 0.000000
vn 0.000000 -1.000000 0.000000
vn 0.000000 -1.000000 0.000000
vn 1.000000 0.000000 0.000000
vn 1.000000 0.000000 0.000000
vn 1.000000 0.000000 0.000000
vn 1.000000 0.000000 0.000000
vn -1.000000 0.000000 0.000000
vn -1.000000 0.000000 0.000000
vn -1.000000 0.000000 0.000000
vn -1.000000 0.000000 0.000000
vn 1.000000 -0.000000 0.000000
vn 0.900969 -0.431822 0.042243
vn 0.623490 -0.778117 0.076120
vn 0.222521 -0.970296 0.094920
vn -0.222521 -0.970296 0.094920
vn -0.623490 -0.778117 0.076120
vn -0.900969 -0.431822 0.042243
vn -1.000000 -0.000000 0.000000
vn -0.900969 0.431822 -0.042243
vn -0.623490 0.778117 -0.076120
vn -0.222521 0.970296 -0.094920
vn 0.222521 0.970296 -0.094920
vn 0.623490 0.778117 -0.076120
vn 0.900969 0.431822 -0.042243
vn 1.000000 -0.000000 0.000000
vn 0.900969 -0.431822 0.042243
vn 0.623490 -0.778117 0.076120
vn 0.222521 -0.970296 0.094920
vn -0.222521 -0.970296 0.094920
vn -0.623490 -0.778117 0.076120
vn -0.900969 -0.431822 0.042243
vn -1.000000 -0.000000 0.000000
vn -0.900969 0.431822 -0.042243
vn -0.623490 0.778117 -0.076120
vn -0.222521 0.970296 -0.094920
vn 0.222521 0.970296 -0.094920
vn 0.623490 0.778117 -0.076120
vn 0.900969 0.431822 -0.042243
vn 1.000000 -0.000000 0.000000
vn 0.900969 -0.431822 0.042243
vn 0.623490 -0.778117 0.076120
vn 0.222521 -0.970296 0.094920
vn -0.222521 -0.970296 0.094920
vn -0.623490 -0.778117 0.076120
vn -0.900969 -0.431822 0.042243
vn -1.000000 -0.000000 0.000000
vn -0.900969 0.431822 -0.042243
vn -0.623490 0.778117 -0.076120
vn -0.222521 0.970296 -0.094920
vn 0.222521 0.970296 -0.094920
vn 0.623490 0.778117 -0.076120
vn 0.900969 0.431822 -0.042243
vn 1.000000 -0.000000 0.000000
vn 0.900969 -0.431822 0.042243
vn 0.623490 -0.778117 0.076120
vn 0.222521 -0.970296 0.094920
vn -0.222521 -0.970296 0.094920
vn -0.623490 -0.778117 0.076120
vn -0.900969 -0.431822 0.042243
vn -1.000000 -0.000000 0.000000
vn -0.900969 0.431822 -0.042243
vn -0.623490 0.778117 -0.076120
vn -0.222521 0.970296 -0.094920
vn 0.222521 0.970296 -0.094920
vn 0.623490 0.778117 -0.076120
vn 0.900969 0.431822 -0.042243
vn 1.000000 -0.000000 0.000000
vn 0.900969 -0.431822 0.042243
vn 0.623490 -0.778117 0.076120
vn 0.222521 -0.970296 0.094920
vn -0.222521 -0.970296 0.094920
vn -0.623490 -0.778117 0.076120
vn -0.900969 -0.431822 0.042243
vn -1.000000 -0.000000 0.000000
vn -0.900969 0.431822 -0.042243
vn -0.623490 0.778117 -0.076120
vn -0.222521 0.970296 -0.094920
vn 0.222521 0.970296 -0.094920
vn 0.623490 0.778117 -0.076120
vn 0.900969 0.431822 -0.042243
vn 1.000000 -0.000000 0.000000
vn 0.900969 -0.431822 0.042243
vn 0.623490 -0.778117 0.076120
vn 0.222521 -0.970296 0.094920
vn -0.222521 -0.970296 0.094920
vn -0.623490 -0.778117 0.076120
vn -0.900969 -0.431822 0.042243
vn -1.000000 -0.000000 0.000000
vn -0.900969 0.431822 -0.042243
vn -0.623490 0.778117 -0.076120
vn -0.222521 0.970296 -0.094920
vn 0.222521 0.970296 -0.094920
vn 0.623490 0.778117 -0.076120
vn 0.900969 0.431822 -0.042243
vn 1.000000 -0.000000 0.000000
vn 0.900969 -0.431822 0.042243
vn 0.623490 -0.778117 0.076120
vn 0.222521 -0.970296 0.094920
vn -0.222521 -0.970296 0.094920
vn -0.623490 -0.778117 0.076120
vn -0.900969 -0.431822 0.042243
vn -1.000000 -0.000000 0.000000
vn -0.900969 0.431822 -0.042243
vn -0.623490 0.778117 -0.076120
vn -0.222521 0.970296 -0.094920
vn 0.222521 0.970296 -0.094920
vn 0.623490 0.778117 -0.076120
vn 0.900969 0.431822 -0.042243
vn 1.000000 -0.000000 0.000000
vn 0.900969 -0.431822 0.042243
vn 0.623490 -0.778117 0.076120
vn 0.222521 -0.970296 0.094920
vn -0.222521 -0.970296 0.094920
vn -0.623490 -0.778117 0.076120
vn -0.900969 -0.431822 0.042243
vn -1.000000 -0.000000 0.000000
vn -0.900969 0.431822 -0.042243
vn -0.623490 0.778117 -0.076120
vn -0.222521 0.970296 -0.094920
vn 0.222521 0.970296 -0.094920
vn 0.623490 0.778117 -0.076120
vn 0.900969 0.431822 -0.042243
vn 0.086630 0.000000 -0.996241
vn -0.114528 -0.462384 -0.879252
vn -0.284998 -0.800872 -0.526669
vn -0.379103 -0.924767 -0.032965
vn -0.371627 -0.800872 0.469571
vn -0.264575 -0.462384 0.846287
vn -0.086630 -0.000000 0.996241
vn 0.114528 0.462384 0.879252
vn 0.284998 0.800872 0.526669
vn 0.379103 0.924767 0.032965
vn 0.371627 0.800872 -0.469571
vn 0.264575 0.462384 -0.846287
vn 0.086630 0.000000 -0.996241
vn -0.114528 -0.462384 -0.879252
vn -0.284998 -0.800872 -0.526669
vn -0.379103 -0.924767 -0.032965
vn -0.371627 -0.800872 0.469571
vn -0.264575 -0.462384 0.846287
vn -0.086630 -0.000000 0.996241
vn 0.114528 0.462384 0.879252
vn 0.284998 0.800872 0.526669
vn 0.379103 0.924767 0.032965
vn 0.371627 0.800872 -0.469571
vn 0.264575 0.462384 -0.846287
vn 0.086630 0.000000 -0.996241
vn -0.114528 -0.462384 -0.879252
vn -0.284998 -0.800872 -0.526669
vn -0.379103 -0.924767 -0.032965
vn -0.371627 -0.800872 0.469571
vn -0.264575 -0.462384 0.846287
vn -0.086630 -0.000000 0.996241
vn 0.114528 0.462384 0.879252
vn 0.284998 0.800872 0.526669
vn 0.379103 0.924767 0.032965
vn 0.371627 0.800872 -0.469571
vn 0.264575 0.462384 -0.846287
vn 0.086630 0.000000 -0.996241
vn -0.114528 -0.462384 -0.879252
vn -0.284998 -0.800872 -0.526669
vn -0.379103 -0.924767 -0.032965
vn -0.371627 -0.800872 0.469571
vn -0.264575 -0.462384 0.846287
vn -0.086630 -0.000000 0.996241
vn 0.114528 0.462384 0.879252
vn 0.284998 0.800872 0.526669
vn 0.379103 0.924767 0.032965
vn 0.371627 0.800872 -0.469571
vn 0.264575 0.462384 -0.846287
vn 0.086630 0.000000 -0.996241
vn -0.114528 -0.462384 -0.879252
vn -0.284998 -0.800872 -0.526669
vn -0.379103 -0.924767 -0.032965
vn -0.371627 -0.800872 0.469571
vn -0.264575 -0.462384 0.846287
vn -0.086630 -0.000000 0.996241
vn 0.114528 0.462384 0.879252
vn 0.284998 0.800872 0.526669
vn 0.379103 0.924767 0.032965
vn 0.371627 0.800872 -0.469571
vn 0.264575 0.462384 -0.846287
vn 0.086630 0.000000 -0.996241
vn -0.114528 -0.462384 -0.879252
vn -0.284998 -0.800872 -0.526669
vn -0.379103 -0.924767 -0.032965
vn -0.371627 -0.800872 0.469571
vn -0.264575 -0.462384 0.846287
vn -0.086630 -0.000000 0.996241
vn 0.114528 0.462384 0.879252
vn 0.284998 0.800872 0.526669
vn 0.379103 0.924767 0.032965
vn 0.371627 0.800872 -0.469571
vn 0.264575 0.462384 -0.846287
vn 0.086630 0.000000 -0.996241
vn -0.114528 -0.462384 -0.879252
vn -0.284998 -0.800872 -0.526669
vn -0.379103 -0.924767 -0.032965
vn -0.371627 -0.800872 0.469571
vn -0.264575 -0.462384 0.846287
vn -0.086630 -0.000000 0.996241
vn 0.114528 0.462384 0.879252
vn 0.284998 0.800872 0.526669
vn 0.379103 0.924767 0.032965
vn 0.371627 0.800872 -0.469571
vn 0.264575 0.462384 -0.846287
vn 0.086630 0.000000 -0.996241
vn -0.114528 -0.462384 -0.879252
vn -0.284998 -0.800872 -0.526669
vn -0.379103 -0.924767 -0.032965
vn -0.371627 -0.800872 0.469571
vn -0.264575 -0.462384 0.846287
vn -0.086630 -0.000000 0.996241
vn 0.114528 0.462384 0.879252
vn 0.284998 0.800872 0.526669
vn 0.379103 0.924767 0.032965
vn 0.371627 0.800872 -0.469571
vn 0.264575 0.462384 -0.846287
vn 0.086630 -0.000000 0.996241
vn 0.264575 -0.462384 0.846287
vn 0.371627 -0.800872 0.469571
vn 0.379103 -0.924767 -0.032965
vn 0.284998 -0.800872 -0.526669
vn 0.114528 -0.462384 -0.879252
vn -0.086630 -0.000000 -0.996241
vn -0.264575 0.462384 -0.846287
vn -0.371627 0.800872 -0.469571
vn -0.379103 0.924767 0.032965
vn -0.284998 0.800872 0.526669
vn -0.114528 0.462384 0.879252
vn 0.086630 -0.000000 0.996241
vn 0.264575 -0.462384 0.846287
vn 0.371627 -0.800872 0.469571
vn 0.379103 -0.924767 -0.032965
vn 0.284998 -0.800872 -0.526669
vn 0.114528 -0.462384 -0.879252
vn -0.086630 -0.000000 -0.996241
vn -0.264575 0.462384 -0.846287
vn -0.371627 0.800872 -0.469571
vn -0.379103 0.924767 0.032965
vn -0.284998 0.800872 0.526669
vn -0.114528 0.462384 0.879252
vn 0.086630 -0.000000 0.996241
vn 0.264575 -0.462384 0.846287
vn 0.371627 -0.800872 0.469571
vn 0.379103 -0.924767 -0.032965
vn 0.284998 -0.800872 -0.526669
vn 0.114528 -0.462384 -0.879252
vn -0.086630 -0.000000 -0.996241
vn -0.264575 0.462384 -0.846287
vn -0.371627 0.800872 -0.469571
vn -0.379103 0.924767 0.032965
vn -0.284998 0.800872 0.526669
vn -0.114528 0.462384 0.879252
vn 0.086630 -0.000000 0.996241
vn 0.264575 -0.462384 0.846287
vn 0.371627 -0.800872 0.469571
vn 0.379103 -0.924767 -0.032965
vn 0.284998 -0.800872 -0.526669
vn 0.114528 -0.462384 -0.879252
vn -0.086630 -0.000000 -0.996241
vn -0.264575 0.462384 -0.846287
vn -0.371627 0.800872 -0.469571
vn -0.379103 0.924767 0.032965
vn -0.284998 0.800872 0.526669
vn -0.114528 0.462384 0.879252
vn 0.086630 -0.000000 0.996241
vn 0.264575 -0.462384 0.846287
vn 0.371627 -0.800872 0.469571
vn 0.379103 -0.924767 -0.032965
vn 0.284998 -0.800872 -0.526669
vn 0.114528 -0.462384 -0.879252
vn -0.086630 -0.000000 -0.996241
vn -0.264575 0.462384 -0.846287
vn -0.371627 0.800872 -0.469571
vn -0.379103 0.924767 0.032965
vn -0.284998 0.800872 0.526669
vn -0.114528 0.462384 0.879252
vn 0.086630 -0.000000 0.996241
vn 0.264575 -0.462384 0.846287
vn 0.371627 -0.800872 0.469571
vn 0.379103 -0.924767 -0.032965
vn 0.284998 -0.800872 -0.526669
vn 0.114528 -0.462384 -0.879252
vn -0.086630 -0.000000 -0.996241
vn -0.264575 0.462384 -0.846287
vn -0.371627 0.800872 -0.469571
vn -0.379103 0.924767 0.032965
vn -0.284998 0.800872 0.526669
vn -0.114528 0.462384 0.879252
vn 0.086630 -0.000000 0.996241
vn 0.264575 -0.462384 0.846287
vn 0.371627 -0.800872 0.469571
vn 0.379103 -0.924767 -0.032965
vn 0.284998 -0.800872 -0.526669
vn 0.114528 -0.462384 -0.879252
vn -0.086630 -0.000000 -0.996241
vn -0.264575 0.462384 -0.846287
vn -0.371627 0.800872 -0.469571
vn -0.379103 0.924767 0.032965
vn -0.284998 0.800872 0.526669
vn -0.114528 0.462384 0.879252
vn 0.086630 -0.000000 0.996241
vn 0.264575 -0.462384 0.846287
vn 0.371627 -0.800872 0.469571
vn 0.379103 -0.924767 -0.032965
vn 0.284998 -0.800872 -0.526669
vn 0.114528 -0.462384 -0.879252
vn -0.086630 -0.000000 -0.996241
vn -0.264575 0.462384 -0.846287
vn -0.371627 0.800872 -0.469571
vn -0.379103 0.924767 0.032965
vn -0.284998 0.800872 0.526669
vn -0.114528 0.462384 0.879252
vn -0.000000 0.341743 0.939793
vn -0.701371 0.326121 0.633817
vn -0.991888 0.119461 -0.043440
vn -0.701371 -0.157177 -0.695251
vn -0.000000 -0.341743 -0.939793
vn 0.701371 -0.326121 -0.633817
vn 0.991888 -0.119461 0.043440
vn 0.701371 0.157177 0.695251
vn -0.000000 0.341743 0.939793
vn -0.701371 0.326121 0.633817
vn -0.991888 0.119461 -0.043440
vn -0.701371 -0.157177 -0.695251
vn -0.000000 -0.341743 -0.939793
vn 0.701371 -0.326121 -0.633817
vn 0.991888 -0.119461 0.043440
vn 0.701371 0.157177 0.695251
vn -0.000000 0.341743 0.939793
vn -0.701371 0.326121 0.633817
vn -0.991888 0.119461 -0.043440
vn -0.701371 -0.157177 -0.695251
vn -0.000000 -0.341743 -0.939793
vn 0.701371 -0.326121 -0.633817
vn 0.991888 -0.119461 0.043440
vn 0.701371 0.157177 0.695251
vn -0.000000 0.341743 0.939793
vn -0.701371 0.326121 0.633817
vn -0.991888 0.119461 -0.043440
vn -0.701371 -0.157177 -0.695251
vn -0.000000 -0.341743 -0.939793
vn 0.701371 -0.326121 -0.633817
vn 0.991888 -0.119461 0.043440
vn 0.701371 0.157177 0.695251
vn -0.000000 0.341743 0.939793
vn -0.701371 0.326121 0.633817
vn -0.991888 0.119461 -0.043440
vn -0.701371 -0.157177 -0.695251
vn -0.000000 -0.341743 -0.939793
vn 0.701371 -0.326121 -0.633817
vn 0.991888 -0.119461 0.043440
vn 0.701371 0.157177 0.695251
vn -0.000000 0.341743 0.939793
vn -0.701371 0.326121 0.633817
vn -0.991888 0.119461 -0.043440
vn -0.701371 -0.157177 -0.695251
vn -0.000000 -0.341743 -0.939793
vn 0.701371 -0.326121 -0.633817
vn 0.991888 -0.119461 0.043440
vn 0.701371 0.157177 0.695251
vn -0.000000 0.341743 0.939793
vn -0.701371 0.326121 0.633817
vn -0.991888 0.119461 -0.043440
vn -0.701371 -0.157177 -0.695251
vn -0.000000 -0.341743 -0.939793
vn 0.701371 -0.326121 -0.633817
vn 0.991888 -0.119461 0.043440
vn 0.701371 0.157177 0.695251
vn -0.000000 0.341743 0.939793
vn -0.701371 0.326121 0.633817
vn -0.991888 0.119461 -0.043440
vn -0.701371 -0.157177 -0.695251
vn -0.000000 -0.341743 -0.939793
vn 0.701371 -0.326121 -0.633817
vn 0.991888 -0.119461 0.043440
vn 0.701371 0.157177 0.695251
vn -0.000000 0.341743 0.939793
vn -0.701371 0.157177 0.695251
vn -0.991888 -0.119461 0.043440
vn -0.701371 -0.326121 -0.633817
vn -0.000000 -0.341743 -0.939793
vn 0.701371 -0.157177 -0.695251
vn 0.991888 0.119461 -0.043440
vn 0.701371 0.326121 0.633817
vn -0.000000 0.341743 0.939793
vn -0.701371 0.157177 0.695251
vn -0.991888 -0.119461 0.043440
vn -0.701371 -0.326121 -0.633817
vn -0.000000 -0.341743 -0.939793
vn 0.701371 -0.157177 -0.695251
vn 0.991888 0.119461 -0.043440
vn 0.701371 0.326121 0.633817
vn -0.000000 0.341743 0.939793
vn -0.701371 0.157177 0.695251
vn -0.991888 -0.119461 0.043440
vn -0.701371 -0.326121 -0.633817
vn -0.000000 -0.341743 -0.939793
vn 0.701371 -0.157177 -0.695251
vn 0.991888 0.119461 -0.043440
vn 0.701371 0.326121 0.633817
vn -0.000000 0.341743 0.939793
vn -0.701371 0.157177 0.695251
vn -0.991888 -0.119461 0.043440
vn -0.701371 -0.326121 -0.633817
vn -0.000000 -0.341743 -0.939793
vn 0.701371 -0.157177 -0.695251
vn 0.991888 0.119461 -0.043440
vn 0.701371 0.326121 0.633817
vn -0.000000 0.341743 0.939793
vn -0.701371 0.157177 0.695251
vn -0.991888 -0.119461 0.043440
vn -0.701371 -0.326121 -0.633817
vn -0.000000 -0.341743 -0.939793
vn 0.701371 -0.157177 -0.695251
vn 0.991888 0.119461 -0.043440
vn 0.701371 0.326121 0.633817
vn -0.000000 0.341743 0.939793
vn -0.701371 0.157177 0.695251
vn -0.991888 -0.119461 0.043440
vn -0.701371 -0.326121 -0.633817
vn -0.000000 -0.341743 -0.939793
vn 0.701371 -0.157177 -0.695251
vn 0.991888 0.119461 -0.043440
vn 0.701371 0.326121 0.633817
vn -0.000000 0.341743 0.939793
vn -0.701371 0.157177 0.695251
vn -0.991888 -0.119461 0.043440
vn -0.701371 -0.326121 -0.633817
vn -0.000000 -0.341743 -0.939793
vn 0.701371 -0.157177 -0.695251
vn 0.991888 0.119461 -0.043440
vn 0.701371 0.326121 0.633817
vn -0.000000 0.341743 0.939793
vn -0.701371 0.157177 0.695251
vn -0.991888 -0.119461 0.043440
vn -0.701371 -0.326121 -0.633817
vn -0.000000 -0.341743 -0.939793
vn 0.701371 -0.157177 -0.695251
vn 0.991888 0.119461 -0.043440
vn 0.701371 0.326121 0.633817
vn 0.000000 -0.274721 0.961524
vn -0.704160 -0.132256 0.697615
vn -0.995833 0.087683 0.025052
vn -0.704160 0.256259 -0.662185
vn -0.000000 0.274721 -0.961524
vn 0.704160 0.132256 -0.697615
vn 0.995833 -0.087683 -0.025052
vn 0.704160 -0.256259 0.662185
vn 0.000000 -0.274721 0.961524
vn -0.704160 -0.132256 0.697615
vn -0.995833 0.087683 0.025052
vn -0.704160 0.256259 -0.662185
vn -0.000000 0.274721 -0.961524
vn 0.704160 0.132256 -0.697615
vn 0.995833 -0.087683 -0.025052
vn 0.704160 -0.256259 0.662185
vn 0.000000 -0.274721 0.961524
vn -0.704160 -0.132256 0.697615
vn -0.995833 0.087683 0.025052
vn -0.704160 0.256259 -0.662185
vn -0.000000 0.274721 -0.961524
vn 0.704160 0.132256 -0.697615
vn 0.995833 -0.087683 -0.025052
vn 0.704160 -0.256259 0.662185
vn 0.000000 -0.274721 0.961524
vn -0.704160 -0.132256 0.697615
vn -0.995833 0.087683 0.025052
vn -0.704160 0.256259 -0.662185
vn -0.000000 0.274721 -0.961524
vn 0.704160 0.132256 -0.697615
vn 0.995833 -0.087683 -0.025052
vn 0.704160 -0.256259 0.662185
vn 0.000000 -0.274721 0.961524
vn -0.704160 -0.132256 0.697615
vn -0.995833 0.087683 0.025052
vn -0.704160 0.256259 -0.662185
vn -0.000000 0.274721 -0.961524
vn 0.704160 0.132256 -0.697615
vn 0.995833 -0.087683 -0.025052
vn 0.704160 -0.256259 0.662185
vn 0.000000 -0.274721 0.961524
vn -0.704160 -0.132256 0.697615
vn -0.995833 0.087683 0.025052
vn -0.704160 0.256259 -0.662185
vn -0.000000 0.274721 -0.961524
vn 0.704160 0.132256 -0.697615
vn 0.995833 -0.087683 -0.025052
vn 0.704160 -0.256259 0.662185
vn 0.000000 -0.274721 0.961524
vn -0.704160 -0.132256 0.697615
vn -0.995833 0.087683 0.025052
vn -0.704160 0.256259 -0.662185
vn -0.000000 0.274721 -0.961524
vn 0.704160 0.132256 -0.697615
vn 0.995833 -0.087683 -0.025052
vn 0.704160 -0.256259 0.662185
vn 0.000000 -0.274721 0.961524
vn -0.704160 -0.132256 0.697615
vn -0.995833 0.087683 0.025052
vn -0.704160 0.256259 -0.662185
vn -0.000000 0.274721 -0.961524
vn 0.704160 0.132256 -0.697615
vn 0.995833 -0.087683 -0.025052
vn 0.704160 -0.256259 0.662185
vn 0.000000 -0.274721 0.961524
vn -0.704160 -0.256259 0.662185
vn -0.995833 -0.087683 -0.025052
vn -0.704160 0.132256 -0.697615
vn -0.000000 0.274721 -0.961524
vn 0.704160 0.256259 -0.662185
vn 0.995833 0.087683 0.025052
vn 0.704160 -0.132256 0.697615
vn 0.000000 -0.274721 0.961524
vn -0.704160 -0.256259 0.662185
vn -0.995833 -0.087683 -0.025052
vn -0.704160 0.132256 -0.697615
vn -0.000000 0.274721 -0.961524
vn 0.704160 0.256259 -0.662185
vn 0.995833 0.087683 0.025052
vn 0.704160 -0.132256 0.697615
vn 0.000000 -0.274721 0.961524
vn -0.704160 -0.256259 0.662185
vn -0.995833 -0.087683 -0.025052
vn -0.704160 0.132256 -0.697615
vn -0.000000 0.274721 -0.961524
vn 0.704160 0.256259 -0.662185
vn 0.995833 0.087683 0.025052
vn 0.704160 -0.132256 0.697615
vn 0.000000 -0.274721 0.961524
vn -0.704160 -0.256259 0.662185
vn -0.995833 -0.087683 -0.025052
vn -0.704160 0.132256 -0.697615
vn -0.000000 0.274721 -0.961524
vn 0.704160 0.256259 -0.662185
vn 0.995833 0.087683 0.025052
vn 0.704160 -0.132256 0.697615
vn 0.000000 -0.274721 0.961524
vn -0.704160 -0.256259 0.662185
vn -0.995833 -0.087683 -0.025052
vn -0.704160 0.132256 -0.697615
vn -0.000000 0.274721 -0.961524
vn 0.704160 0.256259 -0.662185
vn 0.995833 0.087683 0.025052
vn 0.704160 -0.132256 0.697615
vn 0.000000 -0.274721 0.961524
vn -0.704160 -0.256259 0.662185
vn -0.995833 -0.087683 -0.025052
vn -0.704160 0.132256 -0.697615
vn -0.000000 0.274721 -0.961524
vn 0.704160 0.256259 -0.662185
vn 0.995833 0.087683 0.025052
vn 0.704160 -0.132256 0.697615
vn 0.000000 -0.274721 0.961524
vn -0.704160 -0.256259 0.662185
vn -0.995833 -0.087683 -0.025052
vn -0.704160 0.132256 -0.697615
vn -0.000000 0.274721 -0.961524
vn 0.704160 0.256259 -0.662185
vn 0.995833 0.087683 0.025052
vn 0.704160 -0.132256 0.697615
vn 0.000000 -0.274721 0.961524
vn -0.704160 -0.256259 0.662185
vn -0.995833 -0.087683 -0.025052
vn -0.704160 0.132256 -0.697615
vn -0.000000 0.274721 -0.961524
vn 0.704160 0.256259 -0.662185
vn 0.995833 0.087683 0.025052
vn 0.704160 -0.132256 0.697615
f 1/1/1 2/2/2 20/20/20
f 1/1/1 20/20/20 19/19/19
f 2/2/2 3/3/3 21/21/21
f 2/2/2 21/21/21 20/20/20
f 3/3/3 4/4/4 22/22/22
f 3/3/3 22/22/22 21/21/21
f 4/4/4 5/5/5 23/23/23
f 4/4/4 23/23/23 22/22/22
f 5/5/5 6/6/6 24/24/24
f 5/5/5 24/24/24 23/23/23
f 6/6/6 7/7/7 25/25/25
f 6/6/6 25/25/25 24/24/24
f 7/7/7 8/8/8 26/26/26
f 7/7/7 26/26/26 25/25/25
f 8/8/8 9/9/9 27/27/27
f 8/8/8 27/27/27 26/26/26
f 9/9/9 10/10/10 28/28/28
f 9/9/9 28/28/28 27/27/27
f 10/10/10 11/11/11 29/29/29
f 10/10/10 29/29/29 28/28/28
f 11/11/11 12/12/12 30/30/30
f 11/11/11 30/30/30 29/29/29
f 12/12/12 13/13/13 31/31/31
f 12/12/12 31/31/31 30/30/30
f 13/13/13 14/14/14 32/32/32
f 13/13/13 32/32/32 31/31/31
f 14/14/14 15/15/15 33/33/33
f 14/14/14 33/33/33 32/32/32
f 15/15/15 16/16/16 34/34/34
f 15/15/15 34/34/34 33/33/33
f 16/16/16 17/17/17 35/35/35
f 16/16/16 35/35/35 34/34/34
f 17/17/17 18/18/18 36/36/36
f 17/17/17 36/36/36 35/35/35
f 18/18/18 1/1/1 19/19/19
f 18/18/18 19/19/19 36/36/36
f 19/19/19 20/20/20 38/38/38
f 19/19/19 38/38/38 37/37/37
f 20/20/20 21/21/21 39/39/39
f 20/20/20 39/39/39 38/38/38
f 21/21/21 22/22/22 40/40/40
f 21/21/21 40/40/40 39/39/39
f 22/22/22 23/23/23 41/41/41
f 22/22/22 41/41/41 40/40/40
f 23/23/23 24/24/24 42/42/42
f 23/23/23 42/42/42 41/41/41
f 24/24/24 25/25/25 43/43/43
f 24/24/24 43/43/43 42/42/42
f 25/25/25 26/26/26 44/44/44
f 25/25/25 44/44/44 43/43/43
f 26/26/26 27/27/27 45/45/45
f 26/26/26 45/45/45 44/44/44
f 27/27/27 28/28/28 46/46/46
f 27/27/27 46/46/46 45/45/45
f 28/28/28 29/29/29 47/47/47
f 28/28/28 47/47/47 46/46/46
f 29/29/29 30/30/30 48/48/48
f 29/29/29 48/48/48 47/47/47
f 30/30/30 31/31/31 49/49/49
f 30/30/30 49/49/49 48/48/48
f 31/31/31 32/32/32 50/50/50
f 31/31/31 50/50/50 49/49/49
f 32/32/32 33/33/33 51/51/51
f 32/32/32 51/51/51 50/50/50
f 33/33/33 34/34/34 52/52/52
f 33/33/33 52/52/52 51/51/51
f 34/34/34 35/35/35 53/53/53
f 34/34/34 53/53/53 52/52/52
f 35/35/35 36/36/36 54/54/54
f 35/35/35 54/54/54 53/53/53
f 36/36/36 19/19/19 37/37/37
f 36/36/36 37/37/37 54/54/54
f 37/37/37 38/38/38 56/56/56
f 37/37/37 56/56/56 55/55/55
f 38/38/38 39/39/39 57/57/57
f 38/38/38 57/57/57 56/56/56
f 39/39/39 40/40/40 58/58/58
f 39/39/39 58/58/58 57/57/57
f 40/40/40 41/41/41 59/59/59
f 40/40/40 59/59/59 58/58/58
f 41/41/41 42/42/42 60/60/60
f 41/41/41 60/60/60 59/59/59
f 42/42/42 43/43/43 61/61/61
f 42/42/42 61/61/61 60/60/60
f 43/43/43 44/44/44 62/62/62
f 43/43/43 62/62/62 61/61/61
f 44/44/44 45/45/45 63/63/63
f 44/44/44 63/63/63 62/62/62
f 45/45/45 46/46/46 64/64/64
f 45/45/45 64/64/64 63/63/63
f 46/46/46 47/47/47 65/65/65
f 46/46/46 65/65/65 64/64/64
f 47/47/47 48/48/48 66/66/66
f 47/47/47 66/66/66 65/65/65
f 48/48/48 49/49/49 67/67/67
f 48/48/48 67/67/67 66/66/66
f 49/49/49 50/50/50 68/68/68
f 49/49/49 68/68/68 67/67/67
f 50/50/50 51/51/51 69/69/69
f 50/50/50 69/69/69 68/68/68
f 51/51/51 52/52/52 70/70/70
f 51/51/51 70/70/70 69/69/69
f 52/52/52 53/53/53 71/71/71
f 52/52/52 71/71/71 70/70/70
f 53/53/53 54/54/54 72/72/72
f 53/53/53 72/72/72 71/71/71
f 54/54/54 37/37/37 55/55/55
f 54/54/54 55/55/55 72/72/72
f 55/55/55 56/56/56 74/74/74
f 55/55/55 74/74/74 73/73/73
f 56/56/56 57/57/57 75/75/75
f 56/56/56 75/75/75 74/74/74
f 57/57/57 58/58/58 76/76/76
f 57/57/57 76/76/76 75/75/75
f 58/58/58 59/59/59 77/77/77
f 58/58/58 77/77/77 76/76/76
f 59/59/59 60/60/60 78/78/78
f 59/59/59 78/78/78 77/77/77
f 60/60/60 61/61/61 79/79/79
f 60/60/60 79/79/79 78/78/78
f 61/61/61 62/62/62 80/80/80
f 61/61/61 80/80/80 79/79/79
f 62/62/62 63/63/63 81/81/81
f 62/62/62 81/81/81 80/80/80
f 63/63/63 64/64/64 82/82/82
f 63/63/63 82/82/82 81/81/81
f 64/64/64 65/65/65 83/83/83
f 64/64/64 83/83/83 82/82/82
f 65/65/65 66/66/66 84/84/84
f 65/65/65 84/84/84 83/83/83
f 66/66/66 67/67/67 85/85/85
f 66/66/66 85/85/85 84/84/84
f 67/67/67 68/68/68 86/86/86
f 67/67/67 86/86/86 85/85/85
f 68/68/68 69/69/69 87/87/87
f 68/68/68 87/87/87 86/86/86
f 69/69/69 70/70/70 88/88/88
f 69/69/69 88/88/88 87/87/87
f 70/70/70 71/71/71 89/89/89
f 70/70/70 89/89/89 88/88/88
f 71/71/71 72/72/72 90/90/90
f 71/71/71 90/90/90 89/89/89
f 72/72/72 55/55/55 73/73/73
f 72/72/72 73/73/73 90/90/90
f 73/73/73 74/74/74 92/92/92
f 73/73/73 92/92/92 91/91/91
f 74/74/74 75/75/75 93/93/93
f 74/74/74 93/93/93 92/92/92
f 75/75/75 76/76/76 94/94/94
f 75/75/75 94/94/94 93/93/93
f 76/76/76 77/77/77 95/95/95
f 76/76/76 95/95/95 94/94/94
f 77/77/77 78/78/78 96/96/96
f 77/77/77 96/96/96 95/95/95
f 78/78/78 79/79/79 97/97/97
f 78/78/78 97/97/97 96/96/96
f 79/79/79 80/80/80 98/98/98
f 79/79/79 98/98/98 97/97/97
f 80/80/80 81/81/81 99/99/99
f 80/80/80 99/99/99 98/98/98
f 81/81/81 82/82/82 100/100/100
f 81/81/81 100/100/100 99/99/99
f 82/82/82 83/83/83 101/101/101
f 82/82/82 101/101/101 100/100/100
f 83/83/83 84/84/84 102/102/102
f 83/83/83 102/102/102 101/101/101
f 84/84/84 85/85/85 103/103/103
f 84/84/84 103/103/103 102/102/102
f 85/85/85 86/86/86 104/104/104
f 85/85/85 104/104/104 103/103/103
f 86/86/86 87/87/87 105/105/105
f 86/86/86 105/105/105 104/104/104
f 87/87/87 88/88/88 106/106/106
f 87/87/87 106/106/106 105/105/105
f 88/88/88 89/89/89 107/107/107
f 88/88/88 107/107/107 106/106/106
f 89/89/89 90/90/90 108/108/108
f 89/89/89 108/108/108 107/107/107
f 90/90/90 73/73/73 91/91/91
f 90/90/90 91/91/91 108/108/108
f 91/91/91 92/92/92 110/110/110
f 91/91/91 110/110/110 109/109/109
f 92/92/92 93/93/93 111/111/111
f 92/92/92 111/111/111 110/110/110
f 93/93/93 94/94/94 112/112/112
f 93/93/93 112/112/112 111/111/111
f 94/94/94 95/95/95 113/113/113
f 94/94/94 113/113/113 112/112/112
f 95/95/95 96/96/96 114/114/114
f 95/95/95 114/114/114 113/113/113
f 96/96/96 97/97/97 115/115/115
f 96/96/96 115/115/115 114/114/114
f 97/97/97 98/98/98 116/116/116
f 97/97/97 116/116/116 115/115/115
f 98/98/98 99/99/99 117/117/117
f 98/98/98 117/117/117 116/116/116
f 99/99/99 100/100/100 118/118/118
f 99/99/99 118/118/118 117/117/117
f 100/100/100 101/101/101 119/119/119
f 100/100/100 119/119/119 118/118/118
f 101/101/101 102/102/102 120/120/120
f 101/101/101 120/120/120 119/119/119
f 102/102/102 103/103/103 121/121/121
f 102/102/102 121/121/121 120/120/120
f 103/103/103 104/104/104 122/122/122
f 103/103/103 122/122/122 121/121/121
f 104/104/104 105/105/105 123/123/123
f 104/104/104 123/123/123 122/122/122
f 105/105/105 106/106/106 124/124/124
f 105/105/105 124/124/124 123/123/123
f 106/106/106 107/107/107 125/125/125
f 106/106/106 125/125/125 124/124/124
f 107/107/107 108/108/108 126/126/126
f 107/107/107 126/126/126 125/125/125
f 108/108/108 91/91/91 109/109/109
f 108/108/108 109/109/109 126/126/126
f 109/109/109 110/110/110 128/128/128
f 109/109/109 128/128/128 127/127/127
f 110/110/110 111/111/111 129/129/129
f 110/110/110 129/129/129 128/128/128
f 111/111/111 112/112/112 130/130/130
f 111/111/111 130/130/130 129/129/129
f 112/112/112 113/113/113 131/131/131
f 112/112/112 131/131/131 130/130/130
f 113/113/113 114/114/114 132/132/132
f 113/113/113 132/132/132 131/131/131
f 114/114/114 115/115/115 133/133/133
f 114/114/114 133/133/133 132/132/132
f 115/115/115 116/116/116 134/134/134
f 115/115/115 134/134/134 133/133/133
f 116/116/116 117/117/117 135/135/135
f 116/116/116 135/135/135 134/134/134
f 117/117/117 118/118/118 136/136/136
f 117/117/117 136/136/136 135/135/135
f 118/118/118 119/119/119 137/137/137
f 118/118/118 137/137/137 136/136/136
f 119/119/119 120/120/120 138/138/138
f 119/119/119 138/138/138 137/137/137
f 120/120/120 121/121/121 139/139/139
f 120/120/120 139/139/139 138/138/138
f 121/121/121 122/122/122 140/140/140
f 121/121/121 140/140/140 139/139/139
f 122/122/122 123/123/123 141/141/141
f 122/122/122 141/141/141 140/140/140
f 123/123/123 124/124/124 142/142/142
f 123/123/123 142/142/142 141/141/141
f 124/124/124 125/125/125 143/143/143
f 124/124/124 143/143/143 142/142/142
f 125/125/125 126/126/126 144/144/144
f 125/125/125 144/144/144 143/143/143
f 126/126/126 109/109/109 127/127/127
f 126/126/126 127/127/127 144/144/144
f 145/145/145 146/146/146 160/160/160
f 145/145/145 160/160/160 159/159/159
f 146/146/146 147/147/147 161/161/161
f 146/146/146 161/161/161 160/160/160
f 147/147/147 148/148/148 162/162/162
f 147/147/147 162/162/162 161/161/161
f 148/148/148 149/149/149 163/163/163
f 148/148/148 163/163/163 162/162/162
f 149/149/149 150/150/150 164/164/164
f 149/149/149 164/164/164 163/163/163
f 150/150/150 151/151/151 165/165/165
f 150/150/150 165/165/165 164/164/164
f 151/151/151 152/152/152 166/166/166
f 151/151/151 166/166/166 165/165/165
f 152/152/152 153/153/153 167/167/167
f 152/152/152 167/167/167 166/166/166
f 153/153/153 154/154/154 168/168/168
f 153/153/153 168/168/168 167/167/167
f 154/154/154 155/155/155 169/169/169
f 154/154/154 169/169/169 168/168/168
f 155/155/155 156/156/156 170/170/170
f 155/155/155 170/170/170 169/169/169
f 156/156/156 157/157/157 171/171/171
f 156/156/156 171/171/171 170/170/170
f 157/157/157 158/158/158 172/172/172
f 157/157/157 172/172/172 171/171/171
f 158/158/158 145/145/145 159/159/159
f 158/158/158 159/159/159 172/172/172
f 159/159/159 160/160/160 174/174/174
f 159/159/159 174/174/174 173/173/173
f 160/160/160 161/161/161 175/175/175
f 160/160/160 175/175/175 174/174/174
f 161/161/161 162/162/162 176/176/176
f 161/161/161 176/176/176 175/175/175
f 162/162/162 163/163/163 177/177/177
f 162/162/162 177/177/177 176/176/176
f 163/163/163 164/164/164 178/178/178
f 163/163/163 178/178/178 177/177/177
f 164/164/164 165/165/165 179/179/179
f 164/164/164 179/179/179 178/178/178
f 165/165/165 166/166/166 180/180/180
f 165/165/165 180/180/180 179/179/179
f 166/166/166 167/167/167 181/181/181
f 166/166/166 181/181/181 180/180/180
f 167/167/167 168/168/168 182/182/182
f 167/167/167 182/182/182 181/181/181
f 168/168/168 169/169/169 183/183/183
f 168/168/168 183/183/183 182/182/182
f 169/169/169 170/170/170 184/184/184
f 169/169/169 184/184/184 183/183/183
f 170/170/170 171/171/171 185/185/185
f 170/170/170 185/185/185 184/184/184
f 171/171/171 172/172/172 186/186/186
f 171/171/171 186/186/186 185/185/185
f 172/172/172 159/159/159 173/173/173
f 172/172/172 173/173/173 186/186/186
f 173/173/173 174/174/174 188/188/188
f 173/173/173 188/188/188 187/187/187
f 174/174/174 175/175/175 189/189/189
f 174/174/174 189/189/189 188/188/188
f 175/175/175 176/176/176 190/190/190
f 175/175/175 190/190/190 189/189/189
f 176/176/176 177/177/177 191/191/191
f 176/176/176 191/191/191 190/190/190
f 177/177/177 178/178/178 192/192/192
f 177/177/177 192/192/192 191/191/191
f 178/178/178 179/179/179 193/193/193
f 178/178/178 193/193/193 192/192/192
f 179/179/179 180/180/180 194/194/194
f 179/179/179 194/194/194 193/193/193
f 180/180/180 181/181/181 195/195/195
f 180/180/180 195/195/195 194/194/194
f 181/181/181 182/182/182 196/196/196
f 181/181/181 196/196/196 195/195/195
f 182/182/182 183/183/183 197/197/197
f 182/182/182 197/197/197 196/196/196
f 183/183/183 184/184/184 198/198/198
f 183/183/183 198/198/198 197/197/197
f 184/184/184 185/185/185 199/199/199
f 184/184/184 199/199/199 198/198/198
f 185/185/185 186/186/186 200/200/200
f 185/185/185 200/200/200 199/199/199
f 186/186/186 173/173/173 187/187/187
f 186/186/186 187/187/187 200/200/200
f 187/187/187 188/188/188 202/202/202
f 187/187/187 202/202/202 201/201/201
f 188/188/188 189/189/189 203/203/203
f 188/188/188 203/203/203 202/202/202
f 189/189/189 190/190/190 204/204/204
f 189/189/189 204/204/204 203/203/203
f 190/190/190 191/191/191 205/205/205
f 190/190/190 205/205/205 204/204/204
f 191/191/191 192/192/192 206/206/206
f 191/191/191 206/206/206 205/205/205
f 192/192/192 193/193/193 207/207/207
f 192/192/192 207/207/207 206/206/206
f 193/193/193 194/194/194 208/208/208
f 193/193/193 208/208/208 207/207/207
f 194/194/194 195/195/195 209/209/209
f 194/194/194 209/209/209 208/208/208
f 195/195/195 196/196/196 210/210/210
f 195/195/195 210/210/210 209/209/209
f 196/196/196 197/197/197 211/211/211
f 196/196/196 211/211/211 210/210/210
f 197/197/197 198/198/198 212/212/212
f 197/197/197 212/212/212 211/211/211
f 198/198/198 199/199/199 213/213/213
f 198/198/198 213/213/213 212/212/212
f 199/199/199 200/200/200 214/214/214
f 199/199/199 214/214/214 213/213/213
f 200/200/200 187/187/187 201/201/201
f 200/200/200 201/201/201 214/214/214
f 201/201/201 202/202/202 216/216/216
f 201/201/201 216/216/216 215/215/215
f 202/202/202 203/203/203 217/217/217
f 202/202/202 217/217/217 216/216/216
f 203/203/203 204/204/204 218/218/218
f 203/203/203 218/218/218 217/217/217
f 204/204/204 205/205/205 219/219/219
f 204/204/204 219/219/219 218/218/218
f 205/205/205 206/206/206 220/220/220
f 205/205/205 220/220/220 219/219/219
f 206/206/206 207/207/207 221/221/221
f 206/206/206 221/221/221 220/220/220
f 207/207/207 208/208/208 222/222/222
f 207/207/207 222/222/222 221/221/221
f 208/208/208 209/209/209 223/223/223
f 208/208/208 223/223/223 222/222/222
f 209/209/209 210/210/210 224/224/224
f 209/209/209 224/224/224 223/223/223
f 210/210/210 211/211/211 225/225/225
f 210/210/210 225/225/225 224/224/224
f 211/211/211 212/212/212 226/226/226
f 211/211/211 226/226/226 225/225/225
f 212/212/212 213/213/213 227/227/227
f 212/212/212 227/227/227 226/226/226
f 213/213/213 214/214/214 228/228/228
f 213/213/213 228/228/228 227/227/227
f 214/214/214 201/201/201 215/215/215
f 214/214/214 215/215/215 228/228/228
f 215/215/215 216/216/216 230/230/230
f 215/215/215 230/230/230 229/229/229
f 216/216/216 217/217/217 231/231/231
f 216/216/216 231/231/231 230/230/230
f 217/217/217 218/218/218 232/232/232
f 217/217/217 232/232/232 231/231/231
f 218/218/218 219/219/219 233/233/233
f 218/218/218 233/233/233 232/232/232
f 219/219/219 220/220/220 234/234/234
f 219/219/219 234/234/234 233/233/233
f 220/220/220 221/221/221 235/235/235
f 220/220/220 235/235/235 234/234/234
f 221/221/221 222/222/222 236/236/236
f 221/221/221 236/236/236 235/235/235
f 222/222/222 223/223/223 237/237/237
f 222/222/222 237/237/237 236/236/236
f 223/223/223 224/224/224 238/238/238
f 223/223/223 238/238/238 237/237/237
f 224/224/224 225/225/225 239/239/239
f 224/224/224 239/239/239 238/238/238
f 225/225/225 226/226/226 240/240/240
f 225/225/225 240/240/240 239/239/239
f 226/226/226 227/227/227 241/241/241
f 226/226/226 241/241/241 240/240/240
f 227/227/227 228/228/228 242/242/242
f 227/227/227 242/242/242 241/241/241
f 228/228/228 215/215/215 229/229/229
f 228/228/228 229/229/229 242/242/242
f 229/229/229 230/230/230 244/244/244
f 229/229/229 244/244/244 243/243/243
f 230/230/230 231/231/231 245/245/245
f 230/230/230 245/245/245 244/244/244
f 231/231/231 232/232/232 246/246/246
f 231/231/231 246/246/246 245/245/245
f 232/232/232 233/233/233 247/247/247
f 232/232/232 247/247/247 246/246/246
f 233/233/233 234/234/234 248/248/248
f 233/233/233 248/248/248 247/247/247
f 234/234/234 235/235/235 249/249/249
f 234/234/234 249/249/249 248/248/248
f 235/235/235 236/236/236 250/250/250
f 235/235/235 250/250/250 249/249/249
f 236/236/236 237/237/237 251/251/251
f 236/236/236 251/251/251 250/250/250
f 237/237/237 238/238/238 252/252/252
f 237/237/237 252/252/252 251/251/251
f 238/238/238 239/239/239 253/253/253
f 238/238/238 253/253/253 252/252/252
f 239/239/239 240/240/240 254/254/254
f 239/239/239 254/254/254 253/253/253
f 240/240/240 241/241/241 255/255/255
f 240/240/240 255/255/255 254/254/254
f 241/241/241 242/242/242 256/256/256
f 241/241/241 256/256/256 255/255/255
f 242/242/242 229/229/229 243/243/243
f 242/242/242 243/243/243 256/256/256
f 257/257/257 258/258/258 259/259/259
f 257/257/257 259/259/259 260/260/260
f 261/261/261 262/262/262 263/263/263
f 261/261/261 263/263/263 264/264/264
f 265/265/265 266/266/266 267/267/267
f 265/265/265 267/267/267 268/268/268
f 269/269/269 270/270/270 271/271/271
f 269/269/269 271/271/271 272/272/272
f 273/273/273 274/274/274 275/275/275
f 273/273/273 275/275/275 276/276/276
f 277/277/277 278/278/278 279/279/279
f 277/277/277 279/279/279 280/280/280
f 281/281/281 282/282/282 296/296/296
f 281/281/281 296/296/296 295/295/295
f 282/282/282 283/283/283 297/297/297
f 282/282/282 297/297/297 296/296/296
f 283/283/283 284/284/284 298/298/298
f 283/283/283 298/298/298 297/297/297
f 284/284/284 285/285/285 299/299/299
f 284/284/284 299/299/299 298/298/298
f 285/285/285 286/286/286 300/300/300
f 285/285/285 300/300/300 299/299/299
f 286/286/286 287/287/287 301/301/301
f 286/286/286 301/301/301 300/300/300
f 287/287/287 288/288/288 302/302/302
f 287/287/287 302/302/302 301/301/301
f 288/288/288 289/289/289 303/303/303
f 288/288/288 303/303/303 302/302/302
f 289/289/289 290/290/290 304/304/304
f 289/289/289 304/304/304 303/303/303
f 290/290/290 291/291/291 305/305/305
f 290/290/290 305/305/305 304/304/304
f 291/291/291 292/292/292 306/306/306
f 291/291/291 306/306/306 305/305/305
f 292/292/292 293/293/293 307/307/307
f 292/292/292 307/307/307 306/306/306
f 293/293/293 294/294/294 308/308/308
f 293/293/293 308/308/308 307/307/307
f 294/294/294 281/281/281 295/295/295
f 294/294/294 295/295/295 308/308/308
f 295/295/295 296/296/296 310/310/310
f 295/295/295 310/310/310 309/309/309
f 296/296/296 297/297/297 311/311/311
f 296/296/296 311/311/311 310/310/310
f 297/297/297 298/298/298 312/312/312
f 297/297/297 312/312/312 311/311/311
f 298/298/298 299/299/299 313/313/313
f 298/298/298 313/313/313 312/312/312
f 299/299/299 300/300/300 314/314/314
f 299/299/299 314/314/314 313/313/313
f 300/300/300 301/301/301 315/315/315
f 300/300/300 315/315/315 314/314/314
f 301/301/301 302/302/302 316/316/316
f 301/301/301 316/316/316 315/315/315
f 302/302/302 303/303/303 317/317/317
f 302/302/302 317/317/317 316/316/316
f 303/303/303 304/304/304 318/318/318
f 303/303/303 318/318/318 317/317/317
f 304/304/304 305/305/305 319/319/319
f 304/304/304 319/319/319 318/318/318
f 305/305/305 306/306/306 320/320/320
f 305/305/305 320/320/320 319/319/319
f 306/306/306 307/307/307 321/321/321
f 306/306/306 321/321/321 320/320/320
f 307/307/307 308/308/308 322/322/322
f 307/307/307 322/322/322 321/321/321
f 308/308/308 295/295/295 309/309/309
f 308/308/308 309/309/309 322/322/322
f 309/309/309 310/310/310 324/324/324
f 309/309/309 324/324/324 323/323/323
f 310/310/310 311/311/311 325/325/325
f 310/310/310 325/325/325 324/324/324
f 311/311/311 312/312/312 326/326/326
f 311/311/311 326/326/326 325/325/325
f 312/312/312 313/313/313 327/327/327
f 312/312/312 327/327/327 326/326/326
f 313/313/313 314/314/314 328/328/328
f 313/313/313 328/328/328 327/327/327
f 314/314/314 315/315/315 329/329/329
f 314/314/314 329/329/329 328/328/328
f 315/315/315 316/316/316 330/330/330
f 315/315/315 330/330/330 329/329/329
f 316/316/316 317/317/317 331/331/331
f 316/316/316 331/331/331 330/330/330
f 317/317/317 318/318/318 332/332/332
f 317/317/317 332/332/332 331/331/331
f 318/318/318 319/319/319 333/333/333
f 318/318/318 333/333/333 332/332/332
f 319/319/319 320/320/320 334/334/334
f 319/319/319 334/334/334 333/333/333
f 320/320/320 321/321/321 335/335/335
f 320/320/320 335/335/335 334/334/334
f 321/321/321 322/322/322 336/336/336
f 321/321/321 336/336/336 335/335/335
f 322/322/322 309/309/309 323/323/323
f 322/322/322 323/323/323 336/336/336
f 323/323/323 324/324/324 338/338/338
f 323/323/323 338/338/338 337/337/337
f 324/324/324 325/325/325 339/339/339
f 324/324/324 339/339/339 338/338/338
f 325/325/325 326/326/326 340/340/340
f 325/325/325 340/340/340 339/339/339
f 326/326/326 327/327/327 341/341/341
f 326/326/326 341/341/341 340/340/340
f 327/327/327 328/328/328 342/342/342
f 327/327/327 342/342/342 341/341/341
f 328/328/328 329/329/329 343/343/343
f 328/328/328 343/343/343 342/342/342
f 329/329/329 330/330/330 344/344/344
f 329/329/329 344/344/344 343/343/343
f 330/330/330 331/331/331 345/345/345
f 330/330/330 345/345/345 344/344/344
f 331/331/331 332/332/332 346/346/346
f 331/331/331 346/346/346 345/345/345
f 332/332/332 333/333/333 347/347/347
f 332/332/332 347/347/347 346/346/346
f 333/333/333 334/334/334 348/348/348
f 333/333/333 348/348/348 347/347/347
f 334/334/334 335/335/335 349/349/349
f 334/334/334 349/349/349 348/348/348
f 335/335/335 336/336/336 350/350/350
f 335/335/335 350/350/350 349/349/349
f 336/336/336 323/323/323 337/337/337
f 336/336/336 337/337/337 350/350/350
f 337/337/337 338/338/338 352/352/352
f 337/337/337 352/352/352 351/351/351
f 338/338/338 339/339/339 353/353/353
f 338/338/338 353/353/353 352/352/352
f 339/339/339 340/340/340 354/354/354
f 339/339/339 354/354/354 353/353/353
f 340/340/340 341/341/341 355/355/355
f 340/340/340 355/355/355 354/354/354
f 341/341/341 342/342/342 356/356/356
f 341/341/341 356/356/356 355/355/355
f 342/342/342 343/343/343 357/357/357
f 342/342/342 357/357/357 356/356/356
f 343/343/343 344/344/344 358/358/358
f 343/343/343 358/358/358 357/357/357
f 344/344/344 345/345/345 359/359/359
f 344/344/344 359/359/359 358/358/358
f 345/345/345 346/346/346 360/360/360
f 345/345/345 360/360/360 359/359/359
f 346/346/346 347/347/347 361/361/361
f 346/346/346 361/361/361 360/360/360
f 347/347/347 348/348/348 362/362/362
f 347/347/347 362/362/362 361/361/361
f 348/348/348 349/349/349 363/363/363
f 348/348/348 363/363/363 362/362/362
f 349/349/349 350/350/350 364/364/364
f 349/349/349 364/364/364 363/363/363
f 350/350/350 337/337/337 351/351/351
f 350/350/350 351/351/351 364/364/364
f 351/351/351 352/352/352 366/366/366
f 351/351/351 366/366/366 365/365/365
f 352/352/352 353/353/353 367/367/367
f 352/352/352 367/367/367 366/366/366
f 353/353/353 354/354/354 368/368/368
f 353/353/353 368/368/368 367/367/367
f 354/354/354 355/355/355 369/369/369
f 354/354/354 369/369/369 368/368/368
f 355/355/355 356/356/356 370/370/370
f 355/355/355 370/370/370 369/369/369
f 356/356/356 357/357/357 371/371/371
f 356/356/356 371/371/371 370/370/370
f 357/357/357 358/358/358 372/372/372
f 357/357/357 372/372/372 371/371/371
f 358/358/358 359/359/359 373/373/373
f 358/358/358 373/373/373 372/372/372
f 359/359/359 360/360/360 374/374/374
f 359/359/359 374/374/374 373/373/373
f 360/360/360 361/361/361 375/375/375
f 360/360/360 375/375/375 374/374/374
f 361/361/361 362/362/362 376/376/376
f 361/361/361 376/376/376 375/375/375
f 362/362/362 363/363/363 377/377/377
f 362/362/362 377/377/377 376/376/376
f 363/363/363 364/364/364 378/378/378
f 363/363/363 378/378/378 377/377/377
f 364/364/364 351/351/351 365/365/365
f 364/364/364 365/365/365 378/378/378
f 365/365/365 366/366/366 380/380/380
f 365/365/365 380/380/380 379/379/379
f 366/366/366 367/367/367 381/381/381
f 366/366/366 381/381/381 380/380/380
f 367/367/367 368/368/368 382/382/382
f 367/367/367 382/382/382 381/381/381
f 368/368/368 369/369/369 383/383/383
f 368/368/368 383/383/383 382/382/382
f 369/369/369 370/370/370 384/384/384
f 369/369/369 384/384/384 383/383/383
f 370/370/370 371/371/371 385/385/385
f 370/370/370 385/385/385 384/384/384
f 371/371/371 372/372/372 386/386/386
f 371/371/371 386/386/386 385/385/385
f 372/372/372 373/373/373 387/387/387
f 372/372/372 387/387/387 386/386/386
f 373/373/373 374/374/374 388/388/388
f 373/373/373 388/388/388 387/387/387
f 374/374/374 375/375/375 389/389/389
f 374/374/374 389/389/389 388/388/388
f 375/375/375 376/376/376 390/390/390
f 375/375/375 390/390/390 389/389/389
f 376/376/376 377/377/377 391/391/391
f 376/376/376 391/391/391 390/390/390
f 377/377/377 378/378/378 392/392/392
f 377/377/377 392/392/392 391/391/391
f 378/378/378 365/365/365 379/379/379
f 378/378/378 379/379/379 392/392/392
f 393/393/393 394/394/394 406/406/406
f 393/393/393 406/406/406 405/405/405
f 394/394/394 395/395/395 407/407/407
f 394/394/394 407/407/407 406/406/406
f 395/395/395 396/396/396 408/408/408
f 395/395/395 408/408/408 407/407/407
f 396/396/396 397/397/397 409/409/409
f 396/396/396 409/409/409 408/408/408
f 397/397/397 398/398/398 410/410/410
f 397/397/397 410/410/410 409/409/409
f 398/398/398 399/399/399 411/411/411
f 398/398/398 411/411/411 410/410/410
f 399/399/399 400/400/400 412/412/412
f 399/399/399 412/412/412 411/411/411
f 400/400/400 401/401/401 413/413/413
f 400/400/400 413/413/413 412/412/412
f 401/401/401 402/402/402 414/414/414
f 401/401/401 414/414/414 413/413/413
f 402/402/402 403/403/403 415/415/415
f 402/402/402 415/415/415 414/414/414
f 403/403/403 404/404/404 416/416/416
f 403/403/403 416/416/416 415/415/415
f 404/404/404 393/393/393 405/405/405
f 404/404/404 405/405/405 416/416/416
f 405/405/405 406/406/406 418/418/418
f 405/405/405 418/418/418 417/417/417
f 406/406/406 407/407/407 419/419/419
f 406/406/406 419/419/419 418/418/418
f 407/407/407 408/408/408 420/420/420
f 407/407/407 420/420/420 419/419/419
f 408/408/408 409/409/409 421/421/421
f 408/408/408 421/421/421 420/420/420
f 409/409/409 410/410/410 422/422/422
f 409/409/409 422/422/422 421/421/421
f 410/410/410 411/411/411 423/423/423
f 410/410/410 423/423/423 422/422/422
f 411/411/411 412/412/412 424/424/424
f 411/411/411 424/424/424 423/423/423
f 412/412/412 413/413/413 425/425/425
f 412/412/412 425/425/425 424/424/424
f 413/413/413 414/414/414 426/426/426
f 413/413/413 426/426/426 425/425/425
f 414/414/414 415/415/415 427/427/427
f 414/414/414 427/427/427 426/426/426
f 415/415/415 416/416/416 428/428/428
f 415/415/415 428/428/428 427/427/427
f 416/416/416 405/405/405 417/417/417
f 416/416/416 417/417/417 428/428/428
f 417/417/417 418/418/418 430/430/430
f 417/417/417 430/430/430 429/429/429
f 418/418/418 419/419/419 431/431/431
f 418/418/418 431/431/431 430/430/430
f 419/419/419 420/420/420 432/432/432
f 419/419/419 432/432/432 431/431/431
f 420/420/420 421/421/421 433/433/433
f 420/420/420 433/433/433 432/432/432
f 421/421/421 422/422/422 434/434/434
f 421/421/421 434/434/434 433/433/433
f 422/422/422 423/423/423 435/435/435
f 422/422/422 435/435/435 434/434/434
f 423/423/423 424/424/424 436/436/436
f 423/423/423 436/436/436 435/435/435
f 424/424/424 425/425/425 437/437/437
f 424/424/424 437/437/437 436/436/436
f 425/425/425 426/426/426 438/438/438
f 425/425/425 438/438/438 437/437/437
f 426/426/426 427/427/427 439/439/439
f 426/426/426 439/439/439 438/438/438
f 427/427/427 428/428/428 440/440/440
f 427/427/427 440/440/440 439/439/439
f 428/428/428 417/417/417 429/429/429
f 428/428/428 429/429/429 440/440/440
f 429/429/429 430/430/430 442/442/442
f 429/429/429 442/442/442 441/441/441
f 430/430/430 431/431/431 443/443/443
f 430/430/430 443/443/443 442/442/442
f 431/431/431 432/432/432 444/444/444
f 431/431/431 444/444/444 443/443/443
f 432/432/432 433/433/433 445/445/445
f 432/432/432 445/445/445 444/444/444
f 433/433/433 434/434/434 446/446/446
f 433/433/433 446/446/446 445/445/445
f 434/434/434 435/435/435 447/447/447
f 434/434/434 447/447/447 446/446/446
f 435/435/435 436/436/436 448/448/448
f 435/435/435 448/448/448 447/447/447
f 436/436/436 437/437/437 449/449/449
f 436/436/436 449/449/449 448/448/448
f 437/437/437 438/438/438 450/450/450
f 437/437/437 450/450/450 449/449/449
f 438/438/438 439/439/439 451/451/451
f 438/438/438 451/451/451 450/450/450
f 439/439/439 440/440/440 452/452/452
f 439/439/439 452/452/452 451/451/451
f 440/440/440 429/429/429 441/441/441
f 440/440/440 441/441/441 452/452/452
f 441/441/441 442/442/442 454/454/454
f 441/441/441 454/454/454 453/453/453
f 442/442/442 443/443/443 455/455/455
f 442/442/442 455/455/455 454/454/454
f 443/443/443 444/444/444 456/456/456
f 443/443/443 456/456/456 455/455/455
f 444/444/444 445/445/445 457/457/457
f 444/444/444 457/457/457 456/456/456
f 445/445/445 446/446/446 458/458/458
f 445/445/445 458/458/458 457/457/457
f 446/446/446 447/447/447 459/459/459
f 446/446/446 459/459/459 458/458/458
f 447/447/447 448/448/448 460/460/460
f 447/447/447 460/460/460 459/459/459
f 448/448/448 449/449/449 461/461/461
f 448/448/448 461/461/461 460/460/460
f 449/449/449 450/450/450 462/462/462
f 449/449/449 462/462/462 461/461/461
f 450/450/450 451/451/451 463/463/463
f 450/450/450 463/463/463 462/462/462
f 451/451/451 452/452/452 464/464/464
f 451/451/451 464/464/464 463/463/463
f 452/452/452 441/441/441 453/453/453
f 452/452/452 453/453/453 464/464/464
f 453/453/453 454/454/454 466/466/466
f 453/453/453 466/466/466 465/465/465
f 454/454/454 455/455/455 467/467/467
f 454/454/454 467/467/467 466/466/466
f 455/455/455 456/456/456 468/468/468
f 455/455/455 468/468/468 467/467/467
f 456/456/456 457/457/457 469/469/469
f 456/456/456 469/469/469 468/468/468
f 457/457/457 458/458/458 470/470/470
f 457/457/457 470/470/470 469/469/469
f 458/458/458 459/459/459 471/471/471
f 458/458/458 471/471/471 470/470/470
f 459/459/459 460/460/460 472/472/472
f 459/459/459 472/472/472 471/471/471
f 460/460/460 461/461/461 473/473/473
f 460/460/460 473/473/473 472/472/472
f 461/461/461 462/462/462 474/474/474
f 461/461/461 474/474/474 473/473/473
f 462/462/462 463/463/463 475/475/475
f 462/462/462 475/475/475 474/474/474
f 463/463/463 464/464/464 476/476/476
f 463/463/463 476/476/476 475/475/475
f 464/464/464 453/453/453 465/465/465
f 464/464/464 465/465/465 476/476/476
f 465/465/465 466/466/466 478/478/478
f 465/465/465 478/478/478 477/477/477
f 466/466/466 467/467/467 479/479/479
f 466/466/466 479/479/479 478/478/478
f 467/467/467 468/468/468 480/480/480
f 467/467/467 480/480/480 479/479/479
f 468/468/468 469/469/469 481/481/481
f 468/468/468 481/481/481 480/480/480
f 469/469/469 470/470/470 482/482/482
f 469/469/469 482/482/482 481/481/481
f 470/470/470 471/471/471 483/483/483
f 470/470/470 483/483/483 482/482/482
f 471/471/471 472/472/472 484/484/484
f 471/471/471 484/484/484 483/483/483
f 472/472/472 473/473/473 485/485/485
f 472/472/472 485/485/485 484/484/484
f 473/473/473 474/474/474 486/486/486
f 473/473/473 486/486/486 485/485/485
f 474/474/474 475/475/475 487/487/487
f 474/474/474 487/487/487 486/486/486
f 475/475/475 476/476/476 488/488/488
f 475/475/475 488/488/488 487/487/487
f 476/476/476 465/465/465 477/477/477
f 476/476/476 477/477/477 488/488/488
f 489/489/489 490/490/490 502/502/502
f 489/489/489 502/502/502 501/501/501
f 490/490/490 491/491/491 503/503/503
f 490/490/490 503/503/503 502/502/502
f 491/491/491 492/492/492 504/504/504
f 491/491/491 504/504/504 503/503/503
f 492/492/492 493/493/493 505/505/505
f 492/492/492 505/505/505 504/504/504
f 493/493/493 494/494/494 506/506/506
f 493/493/493 506/506/506 505/505/505
f 494/494/494 495/495/495 507/507/507
f 494/494/494 507/507/507 506/506/506
f 495/495/495 496/496/496 508/508/508
f 495/495/495 508/508/508 507/507/507
f 496/496/496 497/497/497 509/509/509
f 496/496/496 509/509/509 508/508/508
f 497/497/497 498/498/498 510/510/510
f 497/497/497 510/510/510 509/509/509
f 498/498/498 499/499/499 511/511/511
f 498/498/498 511/511/511 510/510/510
f 499/499/499 500/500/500 512/512/512
f 499/499/499 512/512/512 511/511/511
f 500/500/500 489/489/489 501/501/501
f 500/500/500 501/501/501 512/512/512
f 501/501/501 502/502/502 514/514/514
f 501/501/501 514/514/514 513/513/513
f 502/502/502 503/503/503 515/515/515
f 502/502/502 515/515/515 514/514/514
f 503/503/503 504/504/504 516/516/516
f 503/503/503 516/516/516 515/515/515
f 504/504/504 505/505/505 517/517/517
f 504/504/504 517/517/517 516/516/516
f 505/505/505 506/506/506 518/518/518
f 505/505/505 518/518/518 517/517/517
f 506/506/506 507/507/507 519/519/519
f 506/506/506 519/519/519 518/518/518
f 507/507/507 508/508/508 520/520/520
f 507/507/507 520/520/520 519/519/519
f 508/508/508 509/509/509 521/521/521
f 508/508/508 521/521/521 520/520/520
f 509/509/509 510/510/510 522/522/522
f 509/509/509 522/522/522 521/521/521
f 510/510/510 511/511/511 523/523/523
f 510/510/510 523/523/523 522/522/522
f 511/511/511 512/512/512 524/524/524
f 511/511/511 524/524/524 523/523/523
f 512/512/512 501/501/501 513/513/513
f 512/512/512 513/513/513 524/524/524
f 513/513/513 514/514/514 526/526/526
f 513/513/513 526/526/526 525/525/525
f 514/514/514 515/515/515 527/527/527
f 514/514/514 527/527/527 526/526/526
f 515/515/515 516/516/516 528/528/528
f 515/515/515 528/528/528 527/527/527
f 516/516/516 517/517/517 529/529/529
f 516/516/516 529/529/529 528/528/528
f 517/517/517 518/518/518 530/530/530
f 517/517/517 530/530/530 529/529/529
f 518/518/518 519/519/519 531/531/531
f 518/518/518 531/531/531 530/530/530
f 519/519/519 520/520/520 532/532/532
f 519/519/519 532/532/532 531/531/531
f 520/520/520 521/521/521 533/533/533
f 520/520/520 533/533/533 532/532/532
f 521/521/521 522/522/522 534/534/534
f 521/521/521 534/534/534 533/533/533
f 522/522/522 523/523/523 535/535/535
f 522/522/522 535/535/535 534/534/534
f 523/523/523 524/524/524 536/536/536
f 523/523/523 536/536/536 535/535/535
f 524/524/524 513/513/513 525/525/525
f 524/524/524 525/525/525 536/536/536
f 525/525/525 526/526/526 538/538/538
f 525/525/525 538/538/538 537/537/537
f 526/526/526 527/527/527 539/539/539
f 526/526/526 539/539/539 538/538/538
f 527/527/527 528/528/528 540/540/540
f 527/527/527 540/540/540 539/539/539
f 528/528/528 529/529/529 541/541/541
f 528/528/528 541/541/541 540/540/540
f 529/529/529 530/530/530 542/542/542
f 529/529/529 542/542/542 541/541/541
f 530/530/530 531/531/531 543/543/543
f 530/530/530 543/543/543 542/542/542
f 531/531/531 532/532/532 544/544/544
f 531/531/531 544/544/544 543/543/543
f 532/532/532 533/533/533 545/545/545
f 532/532/532 545/545/545 544/544/544
f 533/533/533 534/534/534 546/546/546
f 533/533/533 546/546/546 545/545/545
f 534/534/534 535/535/535 547/547/547
f 534/534/534 547/547/547 546/546/546
f 535/535/535 536/536/536 548/548/548
f 535/535/535 548/548/548 547/547/547
f 536/536/536 525/525/525 537/537/537
f 536/536/536 537/537/537 548/548/548
f 537/537/537 538/538/538 550/550/550
f 537/537/537 550/550/550 549/549/549
f 538/538/538 539/539/539 551/551/551
f 538/538/538 551/551/551 550/550/550
f 539/539/539 540/540/540 552/552/552
f 539/539/539 552/552/552 551/551/551
f 540/540/540 541/541/541 553/553/553
f 540/540/540 553/553/553 552/552/552
f 541/541/541 542/542/542 554/554/554
f 541/541/541 554/554/554 553/553/553
f 542/542/542 543/543/543 555/555/555
f 542/542/542 555/555/555 554/554/554
f 543/543/543 544/544/544 556/556/556
f 543/543/543 556/556/556 555/555/555
f 544/544/544 545/545/545 557/557/557
f 544/544/544 557/557/557 556/556/556
f 545/545/545 546/546/546 558/558/558
f 545/545/545 558/558/558 557/557/557
f 546/546/546 547/547/547 559/559/559
f 546/546/546 559/559/559 558/558/558
f 547/547/547 548/548/548 560/560/560
f 547/547/547 560/560/560 559/559/559
f 548/548/548 537/537/537 549/549/549
f 548/548/548 549/549/549 560/560/560
f 549/549/549 550/550/550 562/562/562
f 549/549/549 562/562/562 561/561/561
f 550/550/550 551/551/551 563/563/563
f 550/550/550 563/563/563 562/562/562
f 551/551/551 552/552/552 564/564/564
f 551/551/551 564/564/564 563/563/563
f 552/552/552 553/553/553 565/565/565
f 552/552/552 565/565/565 564/564/564
f 553/553/553 554/554/554 566/566/566
f 553/553/553 566/566/566 565/565/565
f 554/554/554 555/555/555 567/567/567
f 554/554/554 567/567/567 566/566/566
f 555/555/555 556/556/556 568/568/568
f 555/555/555 568/568/568 567/567/567
f 556/556/556 557/557/557 569/569/569
f 556/556/556 569/569/569 568/568/568
f 557/557/557 558/558/558 570/570/570
f 557/557/557 570/570/570 569/569/569
f 558/558/558 559/559/559 571/571/571
f 558/558/558 571/571/571 570/570/570
f 559/559/559 560/560/560 572/572/572
f 559/559/559 572/572/572 571/571/571
f 560/560/560 549/549/549 561/561/561
f 560/560/560 561/561/561 572/572/572
f 561/561/561 562/562/562 574/574/574
f 561/561/561 574/574/574 573/573/573
f 562/562/562 563/563/563 575/575/575
f 562/562/562 575/575/575 574/574/574
f 563/563/563 564/564/564 576/576/576
f 563/563/563 576/576/576 575/575/575
f 564/564/564 565/565/565 577/577/577
f 564/564/564 577/577/577 576/576/576
f 565/565/565 566/566/566 578/578/578
f 565/565/565 578/578/578 577/577/577
f 566/566/566 567/567/567 579/579/579
f 566/566/566 579/579/579 578/578/578
f 567/567/567 568/568/568 580/580/580
f 567/567/567 580/580/580 579/579/579
f 568/568/568 569/569/569 581/581/581
f 568/568/568 581/581/581 580/580/580
f 569/569/569 570/570/570 582/582/582
f 569/569/569 582/582/582 581/581/581
f 570/570/570 571/571/571 583/583/583
f 570/570/570 583/583/583 582/582/582
f 571/571/571 572/572/572 584/584/584
f 571/571/571 584/584/584 583/583/583
f 572/572/572 561/561/561 573/573/573
f 572/572/572 573/573/573 584/584/584
f 585/585/585 586/586/586 594/594/594
f 585/585/585 594/594/594 593/593/593
f 586/586/586 587/587/587 595/595/595
f 586/586/586 595/595/595 594/594/594
f 587/587/587 588/588/588 596/596/596
f 587/587/587 596/596/596 595/595/595
f 588/588/588 589/589/589 597/597/597
f 588/588/588 597/597/597 596/596/596
f 589/589/589 590/590/590 598/598/598
f 589/589/589 598/598/598 597/597/597
f 590/590/590 591/591/591 599/599/599
f 590/590/590 599/599/599 598/598/598
f 591/591/591 592/592/592 600/600/600
f 591/591/591 600/600/600 599/599/599
f 592/592/592 585/585/585 593/593/593
f 592/592/592 593/593/593 600/600/600
f 593/593/593 594/594/594 602/602/602
f 593/593/593 602/602/602 601/601/601
f 594/594/594 595/595/595 603/603/603
f 594/594/594 603/603/603 602/602/602
f 595/595/595 596/596/596 604/604/604
f 595/595/595 604/604/604 603/603/603
f 596/596/596 597/597/597 605/605/605
f 596/596/596 605/605/605 604/604/604
f 597/597/597 598/598/598 606/606/606
f 597/597/597 606/606/606 605/605/605
f 598/598/598 599/599/599 607/607/607
f 598/598/598 607/607/607 606/606/606
f 599/599/599 600/600/600 608/608/608
f 599/599/599 608/608/608 607/607/607
f 600/600/600 593/593/593 601/601/601
f 600/600/600 601/601/601 608/608/608
f 601/601/601 602/602/602 610/610/610
f 601/601/601 610/610/610 609/609/609
f 602/602/602 603/603/603 611/611/611
f 602/602/602 611/611/611 610/610/610
f 603/603/603 604/604/604 612/612/612
f 603/603/603 612/612/612 611/611/611
f 604/604/604 605/605/605 613/613/613
f 604/604/604 613/613/613 612/612/612
f 605/605/605 606/606/606 614/614/614
f 605/605/605 614/614/614 613/613/613
f 606/606/606 607/607/607 615/615/615
f 606/606/606 615/615/615 614/614/614
f 607/607/607 608/608/608 616/616/616
f 607/607/607 616/616/616 615/615/615
f 608/608/608 601/601/601 609/609/609
f 608/608/608 609/609/609 616/616/616
f 609/609/609 610/610/610 618/618/618
f 609/609/609 618/618/618 617/617/617
f 610/610/610 611/611/611 619/619/619
f 610/610/610 619/619/619 618/618/618
f 611/611/611 612/612/612 620/620/620
f 611/611/611 620/620/620 619/619/619
f 612/612/612 613/613/613 621/621/621
f 612/612/612 621/621/621 620/620/620
f 613/613/613 614/614/614 622/622/622
f 613/613/613 622/622/622 621/621/621
f 614/614/614 615/615/615 623/623/623
f 614/614/614 623/623/623 622/622/622
f 615/615/615 616/616/616 624/624/624
f 615/615/615 624/624/624 623/623/623
f 616/616/616 609/609/609 617/617/617
f 616/616/616 617/617/617 624/624/624
f 617/617/617 618/618/618 626/626/626
f 617/617/617 626/626/626 625/625/625
f 618/618/618 619/619/619 627/627/627
f 618/618/618 627/627/627 626/626/626
f 619/619/619 620/620/620 628/628/628
f 619/619/619 628/628/628 627/627/627
f 620/620/620 621/621/621 629/629/629
f 620/620/620 629/629/629 628/628/628
f 621/621/621 622/622/622 630/630/630
f 621/621/621 630/630/630 629/629/629
f 622/622/622 623/623/623 631/631/631
f 622/622/622 631/631/631 630/630/630
f 623/623/623 624/624/624 632/632/632
f 623/623/623 632/632/632 631/631/631
f 624/624/624 617/617/617 625/625/625
f 624/624/624 625/625/625 632/632/632
f 625/625/625 626/626/626 634/634/634
f 625/625/625 634/634/634 633/633/633
f 626/626/626 627/627/627 635/635/635
f 626/626/626 635/635/635 634/634/634
f 627/627/627 628/628/628 636/636/636
f 627/627/627 636/636/636 635/635/635
f 628/628/628 629/629/629 637/637/637
f 628/628/628 637/637/637 636/636/636
f 629/629/629 630/630/630 638/638/638
f 629/629/629 638/638/638 637/637/637
f 630/630/630 631/631/631 639/639/639
f 630/630/630 639/639/639 638/638/638
f 631/631/631 632/632/632 640/640/640
f 631/631/631 640/640/640 639/639/639
f 632/632/632 625/625/625 633/633/633
f 632/632/632 633/633/633 640/640/640
f 633/633/633 634/634/634 642/642/642
f 633/633/633 642/642/642 641/641/641
f 634/634/634 635/635/635 643/643/643
f 634/634/634 643/643/643 642/642/642
f 635/635/635 636/636/636 644/644/644
f 635/635/635 644/644/644 643/643/643
f 636/636/636 637/637/637 645/645/645
f 636/636/636 645/645/645 644/644/644
f 637/637/637 638/638/638 646/646/646
f 637/637/637 646/646/646 645/645/645
f 638/638/638 639/639/639 647/647/647
f 638/638/638 647/647/647 646/646/646
f 639/639/639 640/640/640 648/648/648
f 639/639/639 648/648/648 647/647/647
f 640/640/640 633/633/633 641/641/641
f 640/640/640 641/641/641 648/648/648
f 649/649/649 650/650/650 658/658/658
f 649/649/649 658/658/658 657/657/657
f 650/650/650 651/651/651 659/659/659
f 650/650/650 659/659/659 658/658/658
f 651/651/651 652/652/652 660/660/660
f 651/651/651 660/660/660 659/659/659
f 652/652/652 653/653/653 661/661/661
f 652/652/652 661/661/661 660/660/660
f 653/653/653 654/654/654 662/662/662
f 653/653/653 662/662/662 661/661/661
f 654/654/654 655/655/655 663/663/663
f 654/654/654 663/663/663 662/662/662
f 655/655/655 656/656/656 664/664/664
f 655/655/655 664/664/664 663/663/663
f 656/656/656 649/649/649 657/657/657
f 656/656/656 657/657/657 664/664/664
f 657/657/657 658/658/658 666/666/666
f 657/657/657 666/666/666 665/665/665
f 658/658/658 659/659/659 667/667/667
f 658/658/658 667/667/667 666/666/666
f 659/659/659 660/660/660 668/668/668
f 659/659/659 668/668/668 667/667/667
f 660/660/660 661/661/661 669/669/669
f 660/660/660 669/669/669 668/668/668
f 661/661/661 662/662/662 670/670/670
f 661/661/661 670/670/670 669/669/669
f 662/662/662 663/663/663 671/671/671
f 662/662/662 671/671/671 670/670/670
f 663/663/663 664/664/664 672/672/672
f 663/663/663 672/672/672 671/671/671
f 664/664/664 657/657/657 665/665/665
f 664/664/664 665/665/665 672/672/672
f 665/665/665 666/666/666 674/674/674
f 665/665/665 674/674/674 673/673/673
f 666/666/666 667/667/667 675/675/675
f 666/666/666 675/675/675 674/674/674
f 667/667/667 668/668/668 676/676/676
f 667/667/667 676/676/676 675/675/675
f 668/668/668 669/669/669 677/677/677
f 668/668/668 677/677/677 676/676/676
f 669/669/669 670/670/670 678/678/678
f 669/669/669 678/678/678 677/677/677
f 670/670/670 671/671/671 679/679/679
f 670/670/670 679/679/679 678/678/678
f 671/671/671 672/672/672 680/680/680
f 671/671/671 680/680/680 679/679/679
f 672/672/672 665/665/665 673/673/673
f 672/672/672 673/673/673 680/680/680
f 673/673/673 674/674/674 682/682/682
f 673/673/673 682/682/682 681/681/681
f 674/674/674 675/675/675 683/683/683
f 674/674/674 683/683/683 682/682/682
f 675/675/675 676/676/676 684/684/684
f 675/675/675 684/684/684 683/683/683
f 676/676/676 677/677/677 685/685/685
f 676/676/676 685/685/685 684/684/684
f 677/677/677 678/678/678 686/686/686
f 677/677/677 686/686/686 685/685/685
f 678/678/678 679/679/679 687/687/687
f 678/678/678 687/687/687 686/686/686
f 679/679/679 680/680/680 688/688/688
f 679/679/679 688/688/688 687/687/687
f 680/680/680 673/673/673 681/681/681
f 680/680/680 681/681/681 688/688/688
f 681/681/681 682/682/682 690/690/690
f 681/681/681 690/690/690 689/689/689
f 682/682/682 683/683/683 691/691/691
f 682/682/682 691/691/691 690/690/690
f 683/683/683 684/684/684 692/692/692
f 683/683/683 692/692/692 691/691/691
f 684/684/684 685/685/685 693/693/693
f 684/684/684 693/693/693 692/692/692
f 685/685/685 686/686/686 694/694/694
f 685/685/685 694/694/694 693/693/693
f 686/686/686 687/687/687 695/695/695
f 686/686/686 695/695/695 694/694/694
f 687/687/687 688/688/688 696/696/696
f 687/687/687 696/696/696 695/695/695
f 688/688/688 681/681/681 689/689/689
f 688/688/688 689/689/689 696/696/696
f 689/689/689 690/690/690 698/698/698
f 689/689/689 698/698/698 697/697/697
f 690/690/690 691/691/691 699/699/699
f 690/690/690 699/699/699 698/698/698
f 691/691/691 692/692/692 700/700/700
f 691/691/691 700/700/700 699/699/699
f 692/692/692 693/693/693 701/701/701
f 692/692/692 701/701/701 700/700/700
f 693/693/693 694/694/694 702/702/702
f 693/693/693 702/702/702 701/701/701
f 694/694/694 695/695/695 703/703/703
f 694/694/694 703/703/703 702/702/702
f 695/695/695 696/696/696 704/704/704
f 695/695/695 704/704/704 703/703/703
f 696/696/696 689/689/689 697/697/697
f 696/696/696 697/697/697 704/704/704
f 697/697/697 698/698/698 706/706/706
f 697/697/697 706/706/706 705/705/705
f 698/698/698 699/699/699 707/707/707
f 698/698/698 707/707/707 706/706/706
f 699/699/699 700/700/700 708/708/708
f 699/699/699 708/708/708 707/707/707
f 700/700/700 701/701/701 709/709/709
f 700/700/700 709/709/709 708/708/708
f 701/701/701 702/702/702 710/710/710
f 701/701/701 710/710/710 709/709/709
f 702/702/702 703/703/703 711/711/711
f 702/702/702 711/711/711 710/710/710
f 703/703/703 704/704/704 712/712/712
f 703/703/703 712/712/712 711/711/711
f 704/704/704 697/697/697 705/705/705
f 704/704/704 705/705/705 712/712/712
f 713/713/713 714/714/714 722/722/722
f 713/713/713 722/722/722 721/721/721
f 714/714/714 715/715/715 723/723/723
f 714/714/714 723/723/723 722/722/722
f 715/715/715 716/716/716 724/724/724
f 715/715/715 724/724/724 723/723/723
f 716/716/716 717/717/717 725/725/725
f 716/716/716 725/725/725 724/724/724
f 717/717/717 718/718/718 726/726/726
f 717/717/717 726/726/726 725/725/725
f 718/718/718 719/719/719 727/727/727
f 718/718/718 727/727/727 726/726/726
f 719/719/719 720/720/720 728/728/728
f 719/719/719 728/728/728 727/727/727
f 720/720/720 713/713/713 721/721/721
f 720/720/720 721/721/721 728/728/728
f 721/721/721 722/722/722 730/730/730
f 721/721/721 730/730/730 729/729/729
f 722/722/722 723/723/723 731/731/731
f 722/722/722 731/731/731 730/730/730
f 723/723/723 724/724/724 732/732/732
f 723/723/723 732/732/732 731/731/731
f 724/724/724 725/725/725 733/733/733
f 724/724/724 733/733/733 732/732/732
f 725/725/725 726/726/726 734/734/734
f 725/725/725 734/734/734 733/733/733
f 726/726/726 727/727/727 735/735/735
f 726/726/726 735/735/735 734/734/734
f 727/727/727 728/728/728 736/736/736
f 727/727/727 736/736/736 735/735/735
f 728/728/728 721/721/721 729/729/729
f 728/728/728 729/729/729 736/736/736
f 729/729/729 730/730/730 738/738/738
f 729/729/729 738/738/738 737/737/737
f 730/730/730 731/731/731 739/739/739
f 730/730/730 739/739/739 738/738/738
f 731/731/731 732/732/732 740/740/740
f 731/731/731 740/740/740 739/739/739
f 732/732/732 733/733/733 741/741/741
f 732/732/732 741/741/741 740/740/740
f 733/733/733 734/734/734 742/742/742
f 733/733/733 742/742/742 741/741/741
f 734/734/734 735/735/735 743/743/743
f 734/734/734 743/743/743 742/742/742
f 735/735/735 736/736/736 744/744/744
f 735/735/735 744/744/744 743/743/743
f 736/736/736 729/729/729 737/737/737
f 736/736/736 737/737/737 744/744/744
f 737/737/737 738/738/738 746/746/746
f 737/737/737 746/746/746 745/745/745
f 738/738/738 739/739/739 747/747/747
f 738/738/738 747/747/747 746/746/746
f 739/739/739 740/740/740 748/748/748
f 739/739/739 748/748/748 747/747/747
f 740/740/740 741/741/741 749/749/749
f 740/740/740 749/749/749 748/748/748
f 741/741/741 742/742/742 750/750/750
f 741/741/741 750/750/750 749/749/749
f 742/742/742 743/743/743 751/751/751
f 742/742/742 751/751/751 750/750/750
f 743/743/743 744/744/744 752/752/752
f 743/743/743 752/752/752 751/751/751
f 744/744/744 737/737/737 745/745/745
f 744/744/744 745/745/745 752/752/752
f 745/745/745 746/746/746 754/754/754
f 745/745/745 754/754/754 753/753/753
f 746/746/746 747/747/747 755/755/755
f 746/746/746 755/755/755 754/754/754
f 747/747/747 748/748/748 756/756/756
f 747/747/747 756/756/756 755/755/755
f 748/748/748 749/749/749 757/757/757
f 748/748/748 757/757/757 756/756/756
f 749/749/749 750/750/750 758/758/758
f 749/749/749 758/758/758 757/757/757
f 750/750/750 751/751/751 759/759/759
f 750/750/750 759/759/759 758/758/758
f 751/751/751 752/752/752 760/760/760
f 751/751/751 760/760/760 759/759/759
f 752/752/752 745/745/745 753/753/753
f 752/752/752 753/753/753 760/760/760
f 753/753/753 754/754/754 762/762/762
f 753/753/753 762/762/762 761/761/761
f 754/754/754 755/755/755 763/763/763
f 754/754/754 763/763/763 762/762/762
f 755/755/755 756/756/756 764/764/764
f 755/755/755 764/764/764 763/763/763
f 756/756/756 757/757/757 765/765/765
f 756/756/756 765/765/765 764/764/764
f 757/757/757 758/758/758 766/766/766
f 757/757/757 766/766/766 765/765/765
f 758/758/758 759/759/759 767/767/767
f 758/758/758 767/767/767 766/766/766
f 759/759/759 760/760/760 768/768/768
f 759/759/759 768/768/768 767/767/767
f 760/760/760 753/753/753 761/761/761
f 760/760/760 761/761/761 768/768/768
f 761/761/761 762/762/762 770/770/770
f 761/761/761 770/770/770 769/769/769
f 762/762/762 763/763/763 771/771/771
f 762/762/762 771/771/771 770/770/770
f 763/763/763 764/764/764 772/772/772
f 763/763/763 772/772/772 771/771/771
f 764/764/764 765/765/765 773/773/773
f 764/764/764 773/773/773 772/772/772
f 765/765/765 766/766/766 774/774/774
f 765/765/765 774/774/774 773/773/773
f 766/766/766 767/767/767 775/775/775
f 766/766/766 775/775/775 774/774/774
f 767/767/767 768/768/768 776/776/776
f 767/767/767 776/776/776 775/775/775
f 768/768/768 761/761/761 769/769/769
f 768/768/768 769/769/769 776/776/776
f 777/777/777 778/778/778 786/786/786
f 777/777/777 786/786/786 785/785/785
f 778/778/778 779/779/779 787/787/787
f 778/778/778 787/787/787 786/786/786
f 779/779/779 780/780/780 788/788/788
f 779/779/779 788/788/788 787/787/787
f 780/780/780 781/781/781 789/789/789
f 780/780/780 789/789/789 788/788/788
f 781/781/781 782/782/782 790/790/790
f 781/781/781 790/790/790 789/789/789
f 782/782/782 783/783/783 791/791/791
f 782/782/782 791/791/791 790/790/790
f 783/783/783 784/784/784 792/792/792
f 783/783/783 792/792/792 791/791/791
f 784/784/784 777/777/777 785/785/785
f 784/784/784 785/785/785 792/792/792
f 785/785/785 786/786/786 794/794/794
f 785/785/785 794/794/794 793/793/793
f 786/786/786 787/787/787 795/795/795
f 786/786/786 795/795/795 794/794/794
f 787/787/787 788/788/788 796/796/796
f 787/787/787 796/796/796 795/795/795
f 788/788/788 789/789/789 797/797/797
f 788/788/788 797/797/797 796/796/796
f 789/789/789 790/790/790 798/798/798
f 789/789/789 798/798/798 797/797/797
f 790/790/790 791/791/791 799/799/799
f 790/790/790 799/799/799 798/798/798
f 791/791/791 792/792/792 800/800/800
f 791/791/791 800/800/800 799/799/799
f 792/792/792 785/785/785 793/793/793
f 792/792/792 793/793/793 800/800/800
f 793/793/793 794/794/794 802/802/802
f 793/793/793 802/802/802 801/801/801
f 794/794/794 795/795/795 803/803/803
f 794/794/794 803/803/803 802/802/802
f 795/795/795 796/796/796 804/804/804
f 795/795/795 804/804/804 803/803/803
f 796/796/796 797/797/797 805/805/805
f 796/796/796 805/805/805 804/804/804
f 797/797/797 798/798/798 806/806/806
f 797/797/797 806/806/806 805/805/805
f 798/798/798 799/799/799 807/807/807
f 798/798/798 807/807/807 806/806/806
f 799/799/799 800/800/800 808/808/808
f 799/799/799 808/808/808 807/807/807
f 800/800/800 793/793/793 801/801/801
f 800/800/800 801/801/801 808/808/808
f 801/801/801 802/802/802 810/810/810
f 801/801/801 810/810/810 809/809/809
f 802/802/802 803/803/803 811/811/811
f 802/802/802 811/811/811 810/810/810
f 803/803/803 804/804/804 812/812/812
f 803/803/803 812/812/812 811/811/811
f 804/804/804 805/805/805 813/813/813
f 804/804/804 813/813/813 812/812/812
f 805/805/805 806/806/806 814/814/814
f 805/805/805 814/814/814 813/813/813
f 806/806/806 807/807/807 815/815/815
f 806/806/806 815/815/815 814/814/814
f 807/807/807 808/808/808 816/816/816
f 807/807/807 816/816/816 815/815/815
f 808/808/808 801/801/801 809/809/809
f 808/808/808 809/809/809 816/816/816
f 809/809/809 810/810/810 818/818/818
f 809/809/809 818/818/818 817/817/817
f 810/810/810 811/811/811 819/819/819
f 810/810/810 819/819/819 818/818/818
f 811/811/811 812/812/812 820/820/820
f 811/811/811 820/820/820 819/819/819
f 812/812/812 813/813/813 821/821/821
f 812/812/812 821/821/821 820/820/820
f 813/813/813 814/814/814 822/822/822
f 813/813/813 822/822/822 821/821/821
f 814/814/814 815/815/815 823/823/823
f 814/814/814 823/823/823 822/822/822
f 815/815/815 816/816/816 824/824/824
f 815/815/815 824/824/824 823/823/823
f 816/816/816 809/809/809 817/817/817
f 816/816/816 817/817/817 824/824/824
f 817/817/817 818/818/818 826/826/826
f 817/817/817 826/826/826 825/825/825
f 818/818/818 819/819/819 827/827/827
f 818/818/818 827/827/827 826/826/826
f 819/819/819 820/820/820 828/828/828
f 819/819/819 828/828/828 827/827/827
f 820/820/820 821/821/821 829/829/829
f 820/820/820 829/829/829 828/828/828
f 821/821/821 822/822/822 830/830/830
f 821/821/821 830/830/830 829/829/829
f 822/822/822 823/823/823 831/831/831
f 822/822/822 831/831/831 830/830/830
f 823/823/823 824/824/824 832/832/832
f 823/823/823 832/832/832 831/831/831
f 824/824/824 817/817/817 825/825/825
f 824/824/824 825/825/825 832/832/832
f 825/825/825 826/826/826 834/834/834
f 825/825/825 834/834/834 833/833/833
f 826/826/826 827/827/827 835/835/835
f 826/826/826 835/835/835 834/834/834
f 827/827/827 828/828/828 836/836/836
f 827/827/827 836/836/836 835/835/835
f 828/828/828 829/829/829 837/837/837
f 828/828/828 837/837/837 836/836/836
f 829/829/829 830/830/830 838/838/838
f 829/829/829 838/838/838 837/837/837
f 830/830/830 831/831/831 839/839/839
f 830/830/830 839/839/839 838/838/838
f 831/831/831 832/832/832 840/840/840
f 831/831/831 840/840/840 839/839/839
f 832/832/832 825/825/825 833/833/833
f 832/832/832 833/833/833 840/840/840
